日期,Close,Open,High,Low,Volume,rate
2019年12月31日,212.1,211.34,213.6,210.82,6.78M,-0.38%
2019年12月30日,212.91,214.33,214.4,211.76,8.75M,-1.19%
2019年12月27日,215.47,218.02,218.02,215.18,11.68M,-0.42%
2019年12月26日,216.38,214.65,216.99,214.33,6.92M,0.99%
2019年12月24日,214.26,215.01,215.43,213.35,5.52M,-0.27%
2019年12月23日,214.83,213.25,215.05,212.91,12.54M,1.22%
2019年12月20日,212.25,211.35,213.98,210.42,26.67M,1.01%
2019年12月19日,210.13,209.61,211.37,209.23,12.17M,0.06%
2019年12月18日,210,208.53,210.05,208.04,13.50M,0.87%
2019年12月17日,208.18,208.69,208.87,206.82,11.30M,0.58%
2019年12月16日,206.97,206.33,209.15,206.19,16.74M,1.01%
2019年12月13日,204.91,205.76,207.1,203.77,19.28M,0.20%
2019年12月12日,204.5,203.71,206,202,22.49M,-0.07%
2019年12月11日,204.64,201.1,204.8,200.72,11.77M,2.09%
2019年12月10日,200.45,200.71,202.48,199.23,11.64M,0.86%
2019年12月9日,198.74,200.32,203.43,198.55,14.34M,-1.56%
2019年12月6日,201.89,201.11,202,199.51,14.10M,0.94%
2019年12月5日,200,196.93,200.94,196.43,22.31M,3.23%
2019年12月4日,193.74,195.53,196.66,193.23,14.86M,-0.60%
2019年12月3日,194.9,190.97,195,189.85,18.44M,-0.72%
2019年12月2日,196.31,198.58,198.67,193.51,19.41M,-1.85%
2019年11月29日,200,199.81,200.43,198.35,18.59M,-0.41%
2019年11月27日,200.82,197.24,200.98,197,33.13M,3.14%
2019年11月26日,194.7,190.39,195,189.04,51.89M,2.23%
2019年11月25日,190.45,188.32,190.72,187.88,19.19M,1.96%
2019年11月22日,186.78,185.8,186.78,183.94,10.54M,1.04%
2019年11月21日,184.86,181.77,184.89,181.6,10.25M,1.38%
2019年11月20日,182.35,183.67,183.7,181.06,16.69M,-1.57%
2019年11月19日,185.25,186.31,186.71,183.87,13.46M,0.35%
2019年11月18日,184.61,186.98,186.98,184.16,11.83M,-0.47%
2019年11月15日,185.49,184,185.6,183.71,11.31M,1.47%
2019年11月14日,182.8,182.87,184.5,181.32,12.75M,0.18%
2019年11月13日,182.48,185.47,185.67,181,15.43M,-2.40%
2019年11月12日,186.97,185.91,187.65,185.14,11.80M,0.14%
2019年11月11日,186.71,184.82,187.2,181.37,20.57M,-0.24%
2019年11月8日,187.16,187.9,188.28,185.15,19.74M,0.27%
2019年11月7日,186.66,187.07,188.07,184.69,20.16M,1.36%
2019年11月6日,184.16,183.61,185,182.2,14.83M,1.19%
2019年11月5日,182,181.42,183.2,180.31,23.69M,1.29%
2019年11月4日,179.69,180.66,182.4,178.02,44.54M,1.83%
2019年11月1日,176.46,179.01,182.12,176.06,28.92M,-0.12%
2019年10月31日,176.67,179.16,179.24,175.5,15.12M,-0.48%
2019年10月30日,177.53,175.42,177.88,173.94,10.21M,0.36%
2019年10月29日,176.89,177.06,177.74,175.44,8.03M,-1.00%
2019年10月28日,178.68,176.5,179.64,176.41,11.74M,2.51%
2019年10月25日,174.31,171.56,175.81,170.88,9.89M,1.02%
2019年10月24日,172.55,171.28,172.75,170.21,7.44M,1.55%
2019年10月23日,169.92,170.45,171.04,168.12,8.91M,0.02%
2019年10月22日,169.89,174.53,175.36,169.26,10.92M,-2.09%
2019年10月21日,173.52,172.64,173.91,170.87,9.06M,2.60%
2019年10月18日,169.13,176,176.23,169,14.59M,-4.37%
2019年10月17日,176.85,178,178.59,175.23,8.03M,-0.15%
2019年10月16日,177.12,175.8,177.35,174.12,10.90M,1.04%
2019年10月15日,175.29,172.91,176.75,172.69,13.81M,2.41%
2019年10月14日,171.16,172.84,173.34,170.79,7.86M,-1.03%
2019年10月11日,172.94,170.77,174.88,169.57,19.37M,4.14%
2019年10月10日,166.07,165.96,168.57,164.09,11.54M,0.53%
2019年10月9日,165.19,165.5,166.58,163.42,11.19M,2.01%
2019年10月8日,161.93,164.3,165.22,161.68,15.94M,-3.80%
2019年10月7日,168.32,168.83,172.3,167.21,12.03M,-1.19%
2019年10月4日,170.34,169.6,170.7,167.56,8.86M,0.51%
2019年10月3日,169.48,166.65,170.18,165,10.39M,2.24%
2019年10月2日,165.77,162.82,166.88,161.9,11.60M,0.38%
2019年10月1日,165.15,168.01,168.23,163.64,14.19M,-1.24%
2019年9月30日,167.23,169.89,170.2,166.45,14.95M,0.75%
2019年9月27日,165.98,176,176.5,163.15,33.31M,-5.15%
2019年9月26日,175,177,178.23,174.83,10.00M,-0.94%
2019年9月25日,176.66,172.3,176.99,171.72,11.84M,2.98%
2019年9月24日,171.55,179.17,179.49,171.3,14.55M,-3.07%
2019年9月23日,176.98,181.25,181.33,176.8,14.15M,-3.03%
2019年9月20日,182.51,182.31,183.82,178.84,24.82M,1.14%
2019年9月19日,180.46,180.9,184.13,180.43,15.16M,0.26%
2019年9月18日,180,179.15,180.17,177.58,9.29M,0.56%
2019年9月17日,179,176.85,179.12,176.05,7.57M,1.09%
2019年9月16日,177.07,177.75,179.17,175.37,10.73M,-1.17%
2019年9月13日,179.17,179.74,180.18,178.61,9.48M,0.52%
2019年9月12日,178.24,177.89,180.5,177,12.51M,1.22%
2019年9月11日,176.09,176,176.66,174.15,7.04M,0.63%
2019年9月10日,174.99,176.28,176.3,172.22,9.83M,-1.57%
2019年9月9日,177.78,177.88,177.99,175.86,6.93M,0.62%
2019年9月6日,176.69,179.01,179.22,176.21,8.30M,-1.26%
2019年9月5日,178.94,176.88,178.95,176.52,11.17M,2.64%
2019年9月4日,174.33,176.26,176.55,173.99,7.22M,1.11%
2019年9月3日,172.41,173,174.72,172.15,8.51M,-1.50%
2019年8月30日,175.03,174.35,175.25,172.66,10.30M,1.28%
2019年8月29日,172.81,171,173.96,170.95,11.58M,3.18%
2019年8月28日,167.48,164.64,168,164.2,9.51M,0.77%
2019年8月27日,166.2,167.2,168.19,165.19,12.78M,0.18%
2019年8月26日,165.9,166.49,167.45,165.53,8.65M,0.83%
2019年8月23日,164.54,169.69,171.49,163.83,20.91M,-4.29%
2019年8月22日,171.91,174.1,174.98,170.5,11.58M,-1.90%
2019年8月21日,175.24,177.22,178.5,174.89,10.63M,-1.11%
2019年8月20日,177.21,175.91,177.99,175.62,10.34M,-0.60%
2019年8月19日,178.28,177.43,178.8,175.59,16.01M,2.11%
2019年8月16日,174.6,170,177.55,168.57,25.95M,4.57%
2019年8月15日,166.97,170.11,171,164.36,36.34M,3.03%
2019年8月14日,162.06,161.34,163,159.21,20.80M,-1.20%
2019年8月13日,164.03,160.64,167.36,159.57,23.25M,2.96%
2019年8月12日,159.31,157.5,159.38,155.54,14.42M,0.12%
2019年8月9日,159.12,160.98,161.99,159.11,11.89M,-1.91%
2019年8月8日,162.22,161.71,162.3,159.12,19.27M,1.92%
2019年8月7日,159.17,155.73,159.48,155.3,17.92M,1.11%
2019年8月6日,157.43,158.48,158.73,156.11,25.00M,2.45%
2019年8月5日,153.67,155.03,157.23,151.85,28.91M,-4.55%
2019年8月2日,161,162.56,163.85,160.35,27.10M,-2.81%
2019年8月1日,165.65,174.54,175.71,162.1,32.73M,-4.31%
2019年7月31日,173.11,173.71,174.89,170.09,14.63M,-0.57%
2019年7月30日,174.1,174.25,175.71,172.89,14.30M,-1.65%
2019年7月29日,177.02,178.43,179.88,175.35,15.13M,-0.96%
2019年7月26日,178.74,178.25,179.4,176.88,15.28M,0.82%
2019年7月25日,177.29,178.49,179.15,175.37,14.05M,-0.77%
2019年7月24日,178.67,178,178.96,176.94,14.93M,0.33%
2019年7月23日,178.09,175.39,178.64,174.84,20.88M,2.35%
2019年7月22日,174,173.5,174.28,171.44,18.50M,0.58%
2019年7月19日,172.99,174.87,175.15,172.99,13.65M,0.11%
2019年7月18日,172.8,173.41,174.4,172.06,15.61M,-1.16%
2019年7月17日,174.82,172.75,176.22,172.49,15.03M,0.36%
2019年7月16日,174.19,174.2,175.52,173.46,19.04M,0.40%
2019年7月15日,173.5,171.5,173.75,170.42,22.20M,2.62%
2019年7月12日,169.07,168,170.2,167.65,18.10M,1.51%
2019年7月11日,166.55,167.56,168.42,165,14.80M,-0.23%
2019年7月10日,166.93,171.24,171.37,166.86,16.68M,-1.11%
2019年7月9日,168.8,167.09,168.98,166.5,15.78M,0.21%
2019年7月8日,168.45,170.09,170.28,168.35,16.53M,-2.80%
2019年7月5日,173.3,173.75,173.82,172.82,12.62M,-0.78%
2019年7月3日,174.67,175.69,175.85,173.85,8.53M,-0.44%
2019年7月2日,175.45,175.13,175.55,174.25,14.16M,0.23%
2019年7月1日,175.05,175.87,177.95,174.36,25.91M,3.30%
2019年6月28日,169.45,170.2,170.89,167.96,19.97M,-0.85%
2019年6月27日,170.9,170.62,171.98,169.38,18.35M,1.13%
2019年6月26日,168.99,168.28,171.24,168.15,22.42M,1.92%
2019年6月25日,165.8,167.04,167.34,164.62,20.45M,-1.37%
2019年6月24日,168.1,168.4,168.88,165.78,18.42M,0.33%
2019年6月21日,167.55,167.48,169.47,166.77,17.42M,-0.42%
2019年6月20日,168.25,170.19,170.48,166.28,24.00M,1.69%
2019年6月19日,165.46,167.77,167.9,163.42,20.80M,-0.03%
2019年6月18日,165.51,162.89,169.11,161.95,35.75M,3.50%
2019年6月17日,159.91,157.53,160.55,157.42,16.08M,1.14%
2019年6月14日,158.1,158.37,158.71,157.23,14.98M,-1.39%
2019年6月13日,160.33,160.55,161.32,159.8,17.57M,0.18%
2019年6月12日,160.04,160.47,161.7,158.81,16.33M,-1.60%
2019年6月11日,162.65,164.2,165.68,161.92,23.41M,1.75%
2019年6月10日,159.85,158.78,161.98,157.4,36.47M,3.64%
2019年6月7日,154.23,152.95,155.69,152.21,17.82M,1.80%
2019年6月6日,151.5,152,152.7,150.57,15.76M,-0.10%
2019年6月5日,151.65,155.17,156.11,149.31,23.21M,-1.62%
2019年6月4日,154.15,151.56,155.2,150.64,27.42M,2.83%
2019年6月3日,149.91,149.6,151.77,148.84,25.25M,0.44%
2019年5月31日,149.26,149.63,150.68,147.95,26.88M,-1.20%
2019年5月30日,151.07,152.36,153.37,150.25,17.34M,-0.92%
2019年5月29日,152.48,153.58,154.38,150.71,30.07M,-1.51%
2019年5月28日,154.81,156.4,157.07,153.22,38.60M,-0.12%
2019年5月24日,155,157.62,158.43,154.9,21.49M,-0.64%
2019年5月23日,156,155.45,158.48,154.41,26.89M,-1.78%
2019年5月22日,158.83,162.41,162.82,158.07,25.83M,-2.81%
2019年5月21日,163.43,163.16,165.59,162.52,22.01M,1.73%
2019年5月20日,160.65,164.44,164.57,160.02,33.41M,-5.26%
2019年5月17日,169.57,171.69,172.29,168.49,22.54M,-3.42%
2019年5月16日,175.57,178.18,178.25,174.75,20.58M,-1.14%
2019年5月15日,177.6,177.06,180.24,173.32,37.61M,1.58%
2019年5月14日,174.84,172.75,175.15,171.48,17.87M,2.84%
2019年5月13日,170.01,169.79,172.47,168.78,22.33M,-4.49%
2019年5月10日,178,180.18,180.79,174.1,18.99M,-0.58%
2019年5月9日,179.04,175.43,180.69,173.07,22.73M,-0.31%
2019年5月8日,179.59,180.95,183.2,178.58,16.61M,-1.01%
2019年5月7日,181.43,186.05,186.45,179.63,22.66M,-3.62%
2019年5月6日,188.24,185.17,189,184.83,23.94M,-3.57%
2019年5月3日,195.21,191.88,195.72,191.88,14.52M,2.53%
2019年5月2日,190.39,189.42,192.7,186.65,11.47M,0.57%
2019年5月1日,189.31,186.75,193.19,185.88,17.41M,2.02%
2019年4月30日,185.57,186.3,188.25,183.82,15.08M,-0.73%
2019年4月29日,186.94,187.42,188,185.76,8.66M,-0.08%
2019年4月26日,187.09,187.88,188.74,185.51,9.42M,-0.42%
2019年4月25日,187.88,185.24,188.13,183.96,10.33M,1.19%
2019年4月24日,185.67,186.76,186.9,184.58,9.09M,-0.86%
2019年4月23日,187.29,186,188.15,185.44,11.41M,1.03%
2019年4月22日,185.38,184.5,186.47,183.61,8.68M,-0.83%
2019年4月18日,186.94,186.41,187.28,185.39,7.88M,-0.33%
2019年4月17日,187.55,187.34,188.2,185.78,11.61M,0.95%
2019年4月16日,185.78,185.55,185.79,183.4,12.20M,1.48%
2019年4月15日,183.07,188.06,188.17,182.56,14.62M,-3.09%
2019年4月12日,188.91,187.71,189.79,187.14,12.60M,2.12%
2019年4月11日,184.98,185.15,186.06,183.75,8.90M,-0.65%
2019年4月10日,186.19,186.69,187.4,184,10.66M,-0.53%
2019年4月9日,187.19,186.49,187.89,186.16,11.58M,0.37%
2019年4月8日,186.5,184.19,187.82,184.01,14.73M,0.62%
2019年4月5日,185.35,182.51,185.5,182,18.71M,2.36%
2019年4月4日,181.07,177.04,181.96,176.89,17.00M,1.54%
2019年4月3日,178.32,179.51,180.7,176.76,26.82M,-1.88%
2019年4月2日,181.74,181.46,183.56,180.95,8.02M,0.47%
2019年4月1日,180.89,185.09,185.56,180.89,12.71M,-0.86%
2019年3月29日,182.45,180.73,182.6,179,13.85M,2.66%
2019年3月28日,177.73,177.47,178.53,175.97,7.23M,0.40%
2019年3月27日,177.03,177.7,179.83,176.91,8.37M,-0.59%
2019年3月26日,178.08,179.7,180.65,177.09,7.90M,-0.39%
2019年3月25日,178.77,174.33,178.9,174.1,7.51M,1.42%
2019年3月22日,176.26,179.77,180.48,175.34,11.69M,-2.89%
2019年3月21日,181.5,178.95,181.73,178.52,9.75M,0.12%
2019年3月20日,181.28,180.94,181.95,178.43,15.90M,-0.47%
2019年3月19日,182.14,181.63,183.36,180.85,10.24M,0.17%
2019年3月18日,181.83,181.93,182.89,180.76,7.85M,0.48%
2019年3月15日,180.97,180.66,181.45,179.66,10.84M,0.34%
2019年3月14日,180.36,179.06,180.82,178.01,9.27M,-0.19%
2019年3月13日,180.7,180.73,182.53,179.26,8.87M,0.04%
2019年3月12日,180.63,182.04,182.18,179.51,8.66M,0.12%
2019年3月11日,180.41,177.83,181.72,177.58,13.76M,3.07%
2019年3月8日,175.03,171.56,175.35,171.56,14.67M,-1.29%
2019年3月7日,177.32,180.91,181.8,176.73,16.49M,-3.72%
2019年3月6日,184.17,184.38,185.59,183.02,10.01M,-0.45%
2019年3月5日,185,186.94,188.08,185,11.51M,-1.20%
2019年3月4日,187.25,186,187.34,184.46,14.76M,1.83%
2019年3月1日,183.88,185.09,186.9,183.38,14.35M,0.46%
2019年2月28日,183.03,183.01,184.3,181.47,12.37M,-0.84%
2019年2月27日,184.58,181.72,184.93,180.88,16.74M,0.57%
2019年2月26日,183.54,179.79,184.35,179.37,13.87M,0.16%
2019年2月25日,183.25,181.26,183.72,180.73,22.83M,3.58%
2019年2月22日,176.92,172.8,177.02,172.52,16.18M,3.06%
2019年2月21日,171.66,171,171.78,169.8,8.43M,0.56%
2019年2月20日,170.71,171,172.68,170.61,12.45M,0.31%
2019年2月19日,170.18,166.98,171.15,166.5,12.98M,2.43%
2019年2月15日,166.15,168.61,168.77,165.41,12.10M,-1.32%
2019年2月14日,168.38,167.64,168.5,166.61,8.72M,-0.60%
2019年2月13日,169.4,169.91,171.05,168.99,8.66M,0.41%
2019年2月12日,168.71,169.6,170.49,168.61,8.59M,0.75%
2019年2月11日,167.45,168.85,170.33,167.45,7.26M,0.05%
2019年2月8日,167.36,163.83,167.65,163.75,8.33M,0.24%
2019年2月7日,166.96,169.16,169.61,164.34,11.91M,-2.66%
2019年2月6日,171.52,171.86,173.09,169.99,11.27M,-0.18%
2019年2月5日,171.83,168.55,171.95,168,12.80M,3.08%
2019年2月4日,166.7,166.32,167.55,165.61,7.38M,-0.76%
2019年2月1日,167.97,168,169.4,167.63,10.77M,-0.31%
2019年1月31日,168.49,167.8,169.73,165.7,21.22M,1.00%
2019年1月30日,166.82,161.29,167.84,160.5,37.00M,6.34%
2019年1月29日,156.88,159.04,160.37,155.92,18.35M,-1.28%
2019年1月28日,158.92,157.8,159.69,155.3,10.14M,-0.18%
2019年1月25日,159.21,158.91,160.5,157.43,16.46M,2.15%
2019年1月24日,155.86,151.47,156,151.21,11.00M,2.52%
2019年1月23日,152.03,154.65,155.18,150.95,10.20M,-0.08%
2019年1月22日,152.15,154.4,155.44,150.21,21.29M,-3.10%
2019年1月18日,157.02,158.45,159.49,154.73,19.61M,0.67%
2019年1月17日,155.97,152.11,158.55,151.9,16.15M,0.73%
2019年1月16日,154.84,152.81,155.39,151.5,14.81M,2.62%
2019年1月15日,150.88,150.68,154.17,149.96,15.00M,1.08%
2019年1月14日,149.27,148.5,150.57,146.54,13.36M,-1.35%
2019年1月11日,151.32,151.83,153.38,150.14,9.59M,-0.24%
2019年1月10日,151.69,149.81,152.03,148.88,14.22M,-0.15%
2019年1月9日,151.92,149.89,153.35,148.5,20.21M,3.49%
2019年1月8日,146.79,145,147.55,142.06,16.49M,2.58%
2019年1月7日,143.1,140.55,144.08,139.01,17.24M,2.40%
2019年1月4日,139.75,134.26,141.08,133.66,22.85M,7.01%
2019年1月3日,130.6,134.27,134.87,129.83,19.53M,-4.46%
2019年1月2日,136.7,134.13,137.75,133.03,16.71M,-0.27%
2018年12月31日,137.07,141.83,142.02,136.04,11.19M,-1.45%
2018年12月28日,139.09,139.2,140.98,136.79,11.96M,0.46%
2018年12月27日,138.45,135.05,138.45,133.89,11.46M,0.33%
2018年12月26日,138,132.87,138.02,130.18,14.86M,4.63%
2018年12月24日,131.89,130,134.57,129.77,11.24M,-0.08%
2018年12月21日,132,137.08,137.19,130.23,28.79M,-2.30%
2018年12月20日,135.11,135.83,137.75,132.91,24.10M,-1.48%
2018年12月19日,137.14,141.04,141.32,135.73,27.66M,-2.61%
2018年12月18日,140.82,144.28,144.75,140.11,17.85M,-2.19%
2018年12月17日,143.98,146.5,147.94,142.24,15.79M,-3.37%
2018年12月14日,149,147.71,150.7,145.72,15.56M,-1.64%
2018年12月13日,151.48,153.05,153.46,150.52,12.26M,-0.01%
2018年12月12日,151.5,155.24,156.17,151.43,16.62M,-0.22%
2018年12月11日,151.83,155.26,156.24,150.9,13.65M,0.26%
2018年12月10日,151.43,150.39,152.81,147.48,15.53M,-1.06%
2018年12月7日,153.06,155.4,158.05,151.73,17.45M,-1.78%
2018年12月6日,155.83,153,155.87,150.51,25.34M,-1.59%
2018年12月4日,158.34,164.88,164.98,156.46,22.20M,-3.30%
2018年12月3日,163.74,168.64,168.8,163.51,31.08M,1.79%
2018年11月30日,160.86,157.9,160.86,156.72,35.07M,2.93%
2018年11月29日,156.28,158.08,159,153.54,20.53M,-1.92%
2018年11月28日,159.34,159.01,159.8,155.26,20.77M,1.84%
2018年11月27日,156.46,154.64,157.94,153.58,17.91M,0.29%
2018年11月26日,156.01,153.21,156.53,152.37,16.15M,3.78%
2018年11月23日,150.33,147.3,151.17,147,7.44M,0.62%
2018年11月21日,149.41,149.06,151.48,148.65,14.72M,2.35%
2018年11月20日,145.98,144.48,148.07,142.82,19.47M,-2.37%
2018年11月19日,149.53,152.02,153.21,148.77,18.09M,-2.97%
2018年11月16日,154.1,155.04,155.8,152.14,20.04M,-1.36%
2018年11月15日,156.22,152.9,157.4,150.89,30.08M,3.84%
2018年11月14日,150.44,150.21,152.15,148.44,21.79M,2.35%
2018年11月13日,146.98,144.83,149.94,143.91,19.58M,2.91%
2018年11月12日,142.82,145.01,146.41,139.97,16.52M,-1.40%
2018年11月9日,144.85,145.57,145.72,142.48,16.22M,-2.78%
2018年11月8日,148.99,150.99,151.88,146.69,17.07M,-2.30%
2018年11月7日,152.5,150.77,152.8,148.94,17.88M,3.43%
2018年11月6日,147.44,145.87,149.96,145.32,17.85M,1.94%
2018年11月5日,144.64,146.22,149.37,144.23,16.20M,-2.00%
2018年11月2日,147.59,152.56,154.36,146.28,45.99M,-2.42%
2018年11月1日,151.25,144.98,152.32,138.62,47.04M,6.30%
2018年10月31日,142.28,141.35,142.65,139.14,23.65M,4.36%
2018年10月30日,136.33,132.28,136.4,130.06,25.23M,2.21%
2018年10月29日,133.38,142.42,144,131.36,35.12M,-6.64%
2018年10月26日,142.87,139,145.83,138.55,19.48M,-1.20%
2018年10月25日,144.6,142.5,144.91,141.01,13.66M,3.57%
2018年10月24日,139.61,145.18,146.69,139.34,18.51M,-4.80%
2018年10月23日,146.65,143.22,147.51,142.62,19.95M,-1.44%
2018年10月22日,148.8,148.99,150.2,146.1,22.59M,4.11%
2018年10月19日,142.93,145.34,146.77,142.61,14.86M,0.64%
2018年10月18日,142.02,145.85,146.28,140.8,20.62M,-4.13%
2018年10月17日,148.14,150.68,150.68,146.37,16.87M,-0.98%
2018年10月16日,149.6,145.71,149.76,145.26,18.37M,3.77%
2018年10月15日,144.16,144.77,145.69,142.3,18.57M,-2.13%
2018年10月12日,147.29,148.62,149,144.52,30.76M,3.80%
2018年10月11日,141.9,135.53,142.91,135.14,43.21M,2.61%
2018年10月10日,138.29,142.5,144,137.92,55.83M,-5.89%
2018年10月9日,146.94,147.97,150.59,146.47,31.07M,-2.78%
2018年10月8日,151.14,150.2,152.64,148.34,25.06M,-2.26%
2018年10月5日,154.63,156.14,157.12,152.25,20.27M,-0.96%
2018年10月4日,156.13,160.06,160.08,153.87,32.18M,-3.84%
2018年10月3日,162.37,163.15,164.54,161.93,13.12M,1.34%
2018年10月2日,160.23,159.79,161.03,158.27,14.73M,-1.09%
2018年10月1日,162,165.92,165.95,161.56,10.62M,-1.68%
2018年9月28日,164.76,164.9,165.66,163.3,10.49M,-0.94%
2018年9月27日,166.32,166.39,167.05,164.92,12.69M,0.56%
2018年9月26日,165.4,165.52,167.39,164.87,13.59M,0.70%
2018年9月25日,164.25,164.05,165.44,162.83,9.59M,0.67%
2018年9月24日,163.16,162.81,163.4,160.1,13.12M,-0.89%
2018年9月21日,164.63,169.46,169.84,164.5,22.08M,-0.75%
2018年9月20日,165.88,166.89,167.7,164.72,22.82M,2.00%
2018年9月19日,162.63,158.82,163.13,158.82,23.03M,3.82%
2018年9月18日,156.65,156.88,159.4,155.52,27.24M,-1.41%
2018年9月17日,158.89,161.5,161.65,158.29,20.42M,-3.55%
2018年9月14日,164.74,167.88,168,163.38,23.42M,-0.48%
2018年9月13日,165.53,165.41,167.22,164.01,25.70M,2.52%
2018年9月12日,161.46,158.2,162.82,156.18,32.49M,2.54%
2018年9月11日,157.46,153.18,158.45,152.85,25.91M,0.70%
2018年9月10日,156.36,158.59,160.72,155,39.09M,-3.70%
2018年9月7日,162.37,159.95,164.61,159.51,19.45M,1.56%
2018年9月6日,159.87,164.16,166.48,158.67,33.05M,-2.65%
2018年9月5日,164.23,167.48,168.28,162.03,35.69M,-3.64%
2018年9月4日,170.44,173.5,173.95,169,23.45M,-2.61%
2018年8月31日,175.01,173.11,176.68,172.76,13.73M,0.23%
2018年8月30日,174.6,177.33,178.1,174.12,17.09M,-2.18%
2018年8月29日,178.5,179.35,179.66,176.83,11.91M,0.17%
2018年8月28日,178.19,182.15,182.38,177.5,15.32M,-1.36%
2018年8月27日,180.65,177.1,180.88,176.22,23.53M,3.68%
2018年8月24日,174.23,175,176.37,172.45,30.44M,1.16%
2018年8月23日,172.23,184.97,186.5,171.91,78.84M,-3.16%
2018年8月22日,177.85,178.15,179.74,175.5,27.14M,-0.04%
2018年8月21日,177.92,177.63,179.67,176.97,20.34M,0.92%
2018年8月20日,176.29,175.22,178.86,174.36,25.90M,2.03%
2018年8月17日,172.78,172.52,174.2,168.38,24.70M,0.46%
2018年8月16日,171.99,172.33,175.7,171.57,34.26M,1.27%
2018年8月15日,169.83,167.11,169.85,165.39,41.28M,-1.56%
2018年8月14日,172.53,175.14,176.2,170.77,38.51M,-2.90%
2018年8月13日,177.68,179.65,180.65,177,14.68M,-1.29%
2018年8月10日,180.01,175.57,180.45,174.75,22.05M,1.59%
2018年8月9日,177.19,179.31,180.63,176.76,35.22M,-0.19%
2018年8月8日,177.52,180,180.18,176.55,21.15M,-1.33%
2018年8月7日,179.92,180.29,183,179.74,20.62M,0.73%
2018年8月6日,178.62,180.7,180.86,177.49,35.42M,-1.23%
2018年8月3日,180.84,184.15,184.5,180.08,18.19M,-0.96%
2018年8月2日,182.6,181.54,182.9,179.78,20.98M,-1.44%
2018年8月1日,185.27,186,189.06,183.96,14.37M,-1.05%
2018年7月31日,187.23,186.4,188.95,183.99,17.02M,1.30%
2018年7月30日,184.82,190.22,190.59,182.06,19.91M,-2.43%
2018年7月27日,189.42,196.1,196.27,186.93,19.92M,-2.45%
2018年7月26日,194.18,193.21,196.12,192.62,13.89M,-1.92%
2018年7月25日,197.98,190.61,198.35,190.14,20.74M,4.75%
2018年7月24日,189,190.19,193.07,188.35,18.41M,1.05%
2018年7月23日,187.04,187.18,187.81,184.8,11.00M,-0.11%
2018年7月20日,187.25,189.49,189.5,186.61,12.81M,-0.05%
2018年7月19日,187.34,188.68,189.68,186.87,13.37M,-1.81%
2018年7月18日,190.79,192.45,193.23,189.91,10.80M,-0.97%
2018年7月17日,192.66,188.65,192.95,187.9,13.27M,1.21%
2018年7月16日,190.35,189.57,191.37,189.15,12.21M,0.16%
2018年7月13日,190.04,191.61,192.12,189.3,12.56M,-0.07%
2018年7月12日,190.17,190.77,192.58,189.79,17.44M,1.47%
2018年7月11日,187.42,188.6,190.05,187.42,15.95M,-2.66%
2018年7月10日,192.55,192.89,195.13,191.48,12.61M,-0.10%
2018年7月9日,192.75,194.45,194.69,190.87,15.47M,0.25%
2018年7月6日,192.27,186.01,192.49,185.54,17.04M,2.88%
2018年7月5日,186.88,187.17,187.44,182.9,18.41M,1.15%
2018年7月3日,184.75,187.88,188.5,184.36,11.67M,-0.86%
2018年7月2日,186.36,181.66,186.36,181.06,17.33M,0.45%
2018年6月29日,185.53,185.36,188.97,184.26,26.02M,-1.51%
2018年6月28日,188.38,183.2,188.96,182.04,19.55M,1.82%
2018年6月27日,185.02,193.46,193.6,184.89,23.89M,-3.34%
2018年6月26日,191.42,193.34,193.66,188.42,20.74M,0.09%
2018年6月25日,191.25,197.85,198.1,187.86,32.75M,-5.33%
2018年6月22日,202.01,203.38,203.8,200.25,9.62M,-0.10%
2018年6月21日,202.21,205.84,206,201.04,13.96M,-1.95%
2018年6月20日,206.23,205.05,207.23,205.02,15.56M,0.88%
2018年6月19日,204.43,203.53,204.51,199.5,24.48M,-1.98%
2018年6月18日,208.57,205.16,208.6,203.88,14.65M,0.27%
2018年6月15日,208,207.49,210.08,206.01,28.67M,-1.36%
2018年6月14日,210.86,207.72,211.12,207.51,18.84M,2.05%
2018年6月13日,206.62,209.44,209.65,206.6,13.84M,-1.18%
2018年6月12日,209.08,206.95,209.8,206.9,15.91M,1.64%
2018年6月11日,205.7,206.5,207.6,205.01,12.06M,0.31%
2018年6月8日,205.07,201.11,206.23,200.43,17.53M,0.71%
2018年6月7日,203.62,207.46,209,200.88,26.75M,-2.25%
2018年6月6日,208.3,209.86,210.46,207.29,13.80M,-0.03%
2018年6月5日,208.37,209.95,211.7,207.13,17.79M,-0.28%
2018年6月4日,208.95,205.12,209.75,204.73,19.36M,2.26%
2018年6月1日,204.34,199.5,204.99,199.45,23.13M,3.20%
2018年5月31日,198.01,198,199.48,196.85,17.98M,0.02%
2018年5月30日,197.98,199.7,200.54,197.5,13.93M,-0.01%
2018年5月29日,198,197.94,202.28,197,18.77M,-0.60%
2018年5月25日,199.2,197.57,201.5,197.21,21.27M,0.93%
2018年5月24日,197.37,198.12,199.72,195.7,18.53M,0.29%
2018年5月23日,196.8,193.88,196.9,192.8,12.81M,0.47%
2018年5月22日,195.87,198.3,198.63,195.7,9.70M,-0.90%
2018年5月21日,197.64,197.8,199.79,196.4,13.83M,1.35%
2018年5月18日,195,196.43,197.78,194.72,14.24M,-0.52%
2018年5月17日,196.02,196,198.43,195.57,13.47M,-1.05%
2018年5月16日,198.11,196.75,199.75,196.3,12.89M,0.76%
2018年5月15日,196.61,195.23,196.78,193.86,12.69M,-1.02%
2018年5月14日,198.64,195.9,200,195.87,17.63M,2.20%
2018年5月11日,194.36,196.4,196.46,193.38,12.74M,-0.82%
2018年5月10日,195.96,196.3,199.77,195.16,21.30M,0.27%
2018年5月9日,195.43,195.84,197.38,194.5,13.78M,-0.45%
2018年5月8日,196.31,194.2,197.34,193.01,21.86M,0.49%
2018年5月7日,195.35,190.41,196.6,190.3,29.86M,3.42%
2018年5月4日,188.89,180.4,190.6,178.62,57.79M,3.53%
2018年5月3日,182.45,183.5,183.59,175.77,26.26M,0.55%
2018年5月2日,181.45,180.8,184.26,180.11,20.68M,1.09%
2018年5月1日,179.5,177.58,180.32,177.44,10.79M,0.54%
2018年4月30日,178.54,178.09,180.04,177.05,14.65M,0.78%
2018年4月27日,177.16,177.11,178.2,174.01,15.06M,1.87%
2018年4月26日,173.9,173.25,174.36,172.05,13.40M,2.16%
2018年4月25日,170.22,170.52,171.3,166.64,17.13M,-1.66%
2018年4月24日,173.09,177.63,178,170.68,14.57M,-1.41%
2018年4月23日,175.57,178.63,179.32,174.71,12.03M,-1.98%
2018年4月20日,179.11,179.36,181.39,177.53,14.47M,-1.26%
2018年4月19日,181.39,183.26,183.63,179.52,11.99M,-0.71%
2018年4月18日,182.68,178.9,182.88,177.64,16.97M,2.23%
2018年4月17日,178.7,174.83,179.34,174.83,16.29M,2.29%
2018年4月16日,174.7,172.01,174.79,171.01,9.88M,1.55%
2018年4月13日,172.04,176.72,176.8,171.07,13.53M,-2.21%
2018年4月12日,175.92,175.93,177.9,174.56,11.13M,0.32%
2018年4月11日,175.36,176.48,178.16,174.74,10.17M,-0.98%
2018年4月10日,177.1,175.1,177.88,173.85,20.60M,4.26%
2018年4月9日,169.87,169.75,172.72,168.61,14.72M,1.40%
2018年4月6日,167.52,169.84,172.27,166.4,18.21M,-2.93%
2018年4月5日,172.57,175.48,176.56,171.17,18.25M,0.29%
2018年4月4日,172.07,166.88,172.41,166.13,24.57M,-1.49%
2018年4月3日,174.67,179.26,179.58,173,19.98M,-1.66%
2018年4月2日,177.61,182.81,183.51,175.75,16.03M,-3.23%
2018年3月29日,183.54,180.88,185.13,178.62,16.38M,2.59%
2018年3月28日,178.91,180.73,183.44,177.57,20.08M,-1.64%
2018年3月27日,181.89,192.24,192.25,180.66,16.63M,-4.52%
2018年3月26日,190.5,187.89,190.62,184.32,16.76M,5.13%
2018年3月23日,181.2,186.85,188.48,180.4,18.71M,-1.87%
2018年3月22日,184.65,190.75,192.39,184.6,25.36M,-5.45%
2018年3月21日,195.3,198.8,198.88,194.57,12.05M,-1.83%
2018年3月20日,198.95,194.95,199.21,194.54,11.95M,2.27%
2018年3月19日,194.53,198,198.43,192.8,19.68M,-2.87%
2018年3月16日,200.28,198.4,200.38,197.26,26.95M,0.61%
2018年3月15日,199.06,198.44,201.5,196.52,33.63M,3.38%
2018年3月14日,192.56,190.29,193.63,190.22,20.03M,2.20%
2018年3月13日,188.41,193.88,194.25,187.39,14.83M,-2.25%
2018年3月12日,192.74,192.3,194.4,190.9,17.83M,1.15%
2018年3月9日,190.55,189.64,190.7,188.01,14.21M,1.80%
2018年3月8日,187.18,189.05,190.23,186.57,14.33M,-0.99%
2018年3月7日,189.05,184.37,189.07,184.32,13.73M,0.90%
2018年3月6日,187.37,185.19,188.01,184.82,17.86M,3.18%
2018年3月5日,181.6,179.41,181.95,177.07,15.66M,1.02%
2018年3月2日,179.76,178.01,180.23,175.45,18.91M,-1.23%
2018年3月1日,181.99,186.18,187.48,180.05,17.29M,-2.23%
2018年2月28日,186.14,187.25,188.24,185,19.37M,-1.13%
2018年2月27日,188.26,192.59,193.57,187.21,23.22M,-3.05%
2018年2月26日,194.19,194.46,195.15,190.65,19.46M,0.47%
2018年2月23日,193.29,190.18,193.41,189.95,16.94M,2.41%
2018年2月22日,188.75,190.2,190.74,187.77,12.28M,-0.04%
2018年2月21日,188.82,189.37,193.17,188.46,22.07M,0.87%
2018年2月20日,187.19,183.67,188.83,183,14.85M,1.91%
2018年2月16日,183.68,186.75,188.27,183.54,16.11M,-2.01%
2018年2月15日,187.45,189.25,189.56,184.43,14.36M,0.37%
2018年2月14日,186.76,179.22,186.93,178.9,21.05M,4.19%
2018年2月13日,179.25,177.42,182.15,177,15.51M,1.02%
2018年2月12日,177.44,180.44,180.79,175.09,18.28M,0.44%
2018年2月9日,176.67,175.12,177.62,168.88,28.05M,1.71%
2018年2月8日,173.7,182.27,183.1,171.39,32.05M,-3.66%
2018年2月7日,180.3,183.5,186.83,180.3,19.67M,-2.63%
2018年2月6日,185.17,174.72,185.59,174.17,35.80M,2.57%
2018年2月5日,180.53,183.7,190.47,179.9,31.08M,-3.62%
2018年2月2日,187.31,194.79,195.68,186.8,32.23M,-2.55%
2018年2月1日,192.22,192.75,199.49,191.14,52.63M,-5.91%
2018年1月31日,204.29,202.82,206.2,202.8,26.98M,2.32%
2018年1月30日,199.66,198.68,202.54,196.49,23.38M,-1.65%
2018年1月29日,203.01,204.83,205.69,201.82,21.91M,-1.08%
2018年1月26日,205.22,200.33,205.23,199.21,23.77M,3.47%
2018年1月25日,198.33,196.34,199.59,194.1,23.42M,1.43%
2018年1月24日,195.53,194.71,198.86,192.4,34.50M,1.69%
2018年1月23日,192.28,185.28,192.4,183.54,31.31M,4.49%
2018年1月22日,184.02,184.97,185.04,181.68,16.02M,-0.02%
2018年1月19日,184.05,185.15,185.24,182.8,15.35M,-0.19%
2018年1月18日,184.4,184.28,185.84,182.69,14.19M,0.31%
2018年1月17日,183.83,183.3,184.8,179.32,21.35M,0.78%
2018年1月16日,182.4,190.4,191.74,181.75,27.43M,-2.87%
2018年1月12日,187.79,189.91,190.2,187.25,11.79M,-0.51%
2018年1月11日,188.75,189.73,190.43,188.1,12.40M,-0.55%
2018年1月10日,189.79,188.1,190.39,186.58,17.94M,-0.53%
2018年1月9日,190.8,191.13,192.49,188,19.50M,0.25%
2018年1月8日,190.33,190.46,191.66,189.07,16.23M,-0.19%
2018年1月5日,190.7,187.17,190.75,186.3,18.17M,2.69%
2018年1月4日,185.71,185.9,187.75,184.43,19.47M,0.93%
2018年1月3日,184,185.19,185.63,181.4,20.12M,0.19%
2018年1月2日,183.65,176.4,184.1,175.7,29.92M,6.51%
2017年12月29日,172.43,172.28,173.67,171.2,9.70M,0.08%
2017年12月28日,172.3,173.04,173.53,171.67,9.51M,-0.39%
2017年12月27日,172.97,172.29,173.87,171.73,10.15M,0.37%
2017年12月26日,172.33,174.55,175.15,171.73,12.91M,-2.25%
2017年12月22日,176.29,175.84,176.66,175.04,12.52M,0.55%
2017年12月21日,175.32,172.8,176.25,172.65,14.81M,1.55%
2017年12月20日,172.64,171.79,172.9,170.8,17.12M,0.79%
2017年12月19日,171.28,171.97,173,170.51,23.94M,-1.21%
2017年12月18日,173.37,174.6,174.7,172.37,17.02M,-0.10%
2017年12月15日,173.55,172.89,173.55,170,41.36M,1.05%
2017年12月14日,171.75,173.11,173.39,169.61,32.83M,-2.67%
2017年12月13日,176.47,175.19,177.7,174.3,18.65M,1.05%
2017年12月12日,174.64,178,178.16,173.77,22.66M,-2.59%
2017年12月11日,179.29,179.19,180.68,178.15,15.63M,0.94%
2017年12月8日,177.62,177.72,178.96,176.37,23.54M,1.81%
2017年12月7日,174.47,173.76,175.82,172.26,15.70M,1.07%
2017年12月6日,172.63,168.3,173.23,167.87,23.90M,2.17%
2017年12月5日,168.96,165.28,172.96,164.25,31.61M,-0.37%
2017年12月4日,169.58,177.2,177.58,168.26,35.90M,-2.88%
2017年12月1日,174.61,175.27,179.8,173.8,26.78M,-1.39%
2017年11月30日,177.08,179.53,179.8,176.32,25.85M,-1.57%
2017年11月29日,179.91,185.25,185.41,173.62,40.20M,-3.63%
2017年11月28日,186.69,188.83,189.1,186.5,13.38M,-0.71%
2017年11月27日,188.03,190.49,191.45,187.55,14.95M,-1.65%
2017年11月24日,191.19,189.39,191.7,188.7,9.89M,0.71%
2017年11月22日,189.84,191.54,191.75,189.37,14.42M,-0.56%
2017年11月21日,190.9,190.35,191.56,188.8,19.64M,1.54%
2017年11月20日,188,187.6,190,186.61,25.99M,1.55%
2017年11月17日,185.13,185.92,186.5,184.67,13.42M,-0.16%
2017年11月16日,185.43,183.31,186.27,183.12,18.39M,2.18%
2017年11月15日,181.48,179.37,181.88,176.74,16.57M,-0.17%
2017年11月14日,181.79,184.3,184.38,181.15,14.48M,-1.49%
2017年11月13日,184.54,186.77,187.88,184,17.19M,-1.00%
2017年11月10日,186.41,187.03,187.17,185.4,15.03M,0.69%
2017年11月9日,185.13,184.21,185.13,181.05,19.76M,-0.41%
2017年11月8日,185.9,187.98,188.15,185.1,13.94M,-1.38%
2017年11月7日,188.51,189.58,189.86,187,17.78M,0.36%
2017年11月6日,187.84,184.07,188.25,184,19.87M,2.53%
2017年11月3日,183.21,186.51,186.93,182.06,19.70M,-0.87%
2017年11月2日,184.81,190.99,191.22,183.31,41.24M,-0.68%
2017年11月1日,186.08,187.88,188.88,183.58,28.59M,0.64%
2017年10月31日,184.89,183.57,185.12,181.81,21.26M,1.82%
2017年10月30日,181.58,178.43,181.9,177.59,20.22M,3.08%
2017年10月27日,176.15,173.19,177,171.11,19.71M,3.42%
2017年10月26日,170.32,170.62,171.45,168.58,13.53M,0.06%
2017年10月25日,170.22,174.69,175.44,169.3,18.11M,-2.00%
2017年10月24日,173.7,174,175.98,173.26,11.95M,0.33%
2017年10月23日,173.13,177.8,178.01,173.05,17.61M,-2.36%
2017年10月20日,177.32,179.02,179.52,177.08,11.95M,-0.34%
2017年10月19日,177.93,177,179.61,175.45,13.54M,-0.94%
2017年10月18日,179.61,177.09,180,176.28,21.77M,2.45%
2017年10月17日,175.32,179.58,180.12,175.3,20.13M,-2.36%
2017年10月16日,179.56,180,180.05,178.51,12.86M,0.62%
2017年10月13日,178.45,180.96,181.4,177.97,18.11M,-1.15%
2017年10月12日,180.53,184.04,184.39,180.35,15.44M,-2.25%
2017年10月11日,184.69,183,184.7,182.6,11.97M,0.86%
2017年10月10日,183.12,181.65,184.46,181.36,13.20M,0.57%
2017年10月9日,182.09,178.97,183.13,178.75,15.01M,1.61%
2017年10月6日,179.2,177.85,179.87,177.61,8.75M,0.17%
2017年10月5日,178.89,179,179.73,176.03,11.90M,0.10%
2017年10月4日,178.71,178.06,180,177.3,11.42M,0.08%
2017年10月3日,178.56,176.06,178.78,173.61,16.71M,2.85%
2017年10月2日,173.61,174.57,175.13,172.57,12.56M,0.52%
2017年9月29日,172.71,171.11,173.54,170.74,13.40M,1.45%
2017年9月28日,170.24,170.91,171.88,169.57,13.96M,-0.44%
2017年9月27日,170.99,169.84,171.95,169.45,19.44M,2.38%
2017年9月26日,167.02,170.01,171.9,166.79,23.70M,-1.52%
2017年9月25日,169.59,176.48,177,167.5,34.03M,-4.80%
2017年9月22日,178.14,176.2,178.42,175.68,12.75M,0.42%
2017年9月21日,177.39,178.05,178.86,175.3,14.58M,-0.31%
2017年9月20日,177.95,180.02,180.5,176.15,15.40M,-1.18%
2017年9月19日,180.07,180.69,180.87,179.25,14.75M,0.05%
2017年9月18日,179.98,178.89,180.29,177.75,22.92M,1.86%
2017年9月15日,176.7,177.9,179.75,176.7,26.57M,-0.23%
2017年9月14日,177.1,177.54,179.93,176.02,22.83M,-1.04%
2017年9月13日,178.97,175.75,179.1,175.56,22.06M,2.09%
2017年9月12日,175.31,174.89,175.62,173.37,15.63M,0.72%
2017年9月11日,174.06,171.5,174.2,171.5,18.26M,2.99%
2017年9月8日,169,169.99,171.22,168.92,12.35M,-0.87%
2017年9月7日,170.48,169.26,170.97,168,15.14M,1.39%
2017年9月6日,168.14,170.17,171.11,167,19.99M,-1.05%
2017年9月5日,169.92,169.47,171.93,168.74,15.02M,-0.65%
2017年9月1日,171.04,171.99,172.39,170.65,11.17M,-0.41%
2017年8月31日,171.74,172.54,172.9,170.25,16.49M,0.29%
2017年8月30日,171.25,169.15,172.39,169.15,17.77M,2.29%
2017年8月29日,167.41,165.15,169.23,164.35,19.59M,-0.53%
2017年8月28日,168.3,171.15,171.34,167.06,24.62M,-2.00%
2017年8月25日,171.74,174.8,174.94,171.11,24.18M,-1.86%
2017年8月24日,175,177,177,174.3,20.80M,-0.46%
2017年8月23日,175.8,172.9,176.23,172.75,21.94M,0.77%
2017年8月22日,174.46,170.02,174.77,169.64,24.48M,3.08%
2017年8月21日,169.25,168.29,170.6,166.98,22.35M,1.04%
2017年8月18日,167.5,165.36,169.5,164.1,31.49M,2.18%
2017年8月17日,163.92,166.12,168,163.51,56.84M,2.77%
2017年8月16日,159.5,160,160.35,158.53,21.32M,1.11%
2017年8月15日,157.75,155.74,158.32,154,18.64M,2.03%
2017年8月14日,154.61,154.77,155.08,153.1,14.60M,1.92%
2017年8月11日,151.7,150.51,152.57,147.5,22.33M,-0.05%
2017年8月10日,151.77,156.2,156.5,151.25,19.30M,-3.63%
2017年8月9日,157.49,156.05,157.71,155.2,11.02M,-0.01%
2017年8月8日,157.5,158.56,159.84,156.8,15.45M,-0.84%
2017年8月7日,158.84,154.83,158.99,154.37,15.91M,3.59%
2017年8月4日,153.33,154.32,154.32,152.16,10.04M,0.01%
2017年8月3日,153.32,152.1,153.8,149.6,12.44M,0.93%
2017年8月2日,151.91,155.47,155.75,149.1,19.53M,-1.82%
2017年8月1日,154.73,156.25,156.61,153.8,12.04M,-0.14%
2017年7月31日,154.95,158.9,159.39,153.5,17.78M,-1.66%
2017年7月28日,157.56,153.96,158.96,152.82,14.45M,2.21%
2017年7月27日,154.15,157.85,160.39,151.33,26.06M,-1.05%
2017年7月26日,155.79,152.53,156,152.36,14.47M,2.20%
2017年7月25日,152.44,152.36,152.75,150.85,8.46M,0.12%
2017年7月24日,152.26,152.77,153.23,151.6,10.65M,0.24%
2017年7月21日,151.89,151.79,152.15,150.31,11.45M,-0.14%
2017年7月20日,152.11,153.96,154.12,151.84,16.74M,-0.68%
2017年7月19日,153.15,155.14,156.41,152.64,16.90M,-0.39%
2017年7月18日,153.75,151.08,154.6,150.48,15.31M,1.67%
2017年7月17日,151.23,153.53,153.7,150.42,15.34M,-0.40%
2017年7月14日,151.83,150.12,152.25,149.69,11.47M,1.54%
2017年7月13日,149.52,149.52,150,148,11.68M,0.35%
2017年7月12日,149,147.38,149.3,146.85,14.96M,2.19%
2017年7月11日,145.81,144.29,145.87,143.26,13.52M,1.39%
2017年7月10日,143.81,143,144.16,142.25,10.35M,0.97%
2017年7月7日,142.43,142.65,143.38,141.83,8.05M,0.16%
2017年7月6日,142.2,143.01,143.62,141.83,11.93M,-1.84%
2017年7月5日,144.87,141.16,145,140.33,17.00M,2.75%
2017年7月3日,140.99,141.75,142.49,139.5,6.98M,0.06%
2017年6月30日,140.9,141.03,142.38,139.92,12.28M,0.06%
2017年6月29日,140.81,143.16,143.56,137.52,24.13M,-2.18%
2017年6月28日,143.95,142.65,144.37,141.48,17.76M,1.71%
2017年6月27日,141.53,143.9,144.38,141.1,17.37M,-0.84%
2017年6月26日,142.73,144.03,145.36,141.27,17.83M,-0.20%
2017年6月23日,143.01,142.1,143.34,141.6,11.76M,0.52%
2017年6月22日,142.27,142.05,144.68,140.88,21.90M,-0.71%
2017年6月21日,143.29,138.82,143.5,138.02,30.91M,3.55%
2017年6月20日,138.38,140.08,140.63,137.93,20.58M,-0.78%
2017年6月19日,139.47,137.81,140.4,137.4,24.95M,3.41%
2017年6月16日,134.87,136.28,136.5,133.55,36.43M,-0.16%
2017年6月15日,135.08,135.64,135.67,133.1,30.51M,-1.16%
2017年6月14日,136.67,137.8,139.25,135.26,32.86M,0.05%
2017年6月13日,136.6,141.88,142.24,135.9,40.88M,-1.78%
2017年6月12日,139.08,139.17,142.2,136.05,32.18M,-0.26%
2017年6月9日,139.44,144.57,148.29,137.01,54.37M,-2.04%
2017年6月8日,142.34,142.51,143.7,135.21,81.38M,13.29%
2017年6月7日,125.64,125.08,125.91,124.11,9.43M,0.82%
2017年6月6日,124.62,125.61,126.2,124.27,9.26M,-0.60%
2017年6月5日,125.37,124.02,125.56,123.87,10.03M,1.00%
2017年6月2日,124.13,123.72,124.53,123.24,7.34M,0.13%
2017年6月1日,123.97,122.82,124,122.26,8.90M,1.23%
2017年5月31日,122.46,123.64,124.18,122,11.58M,-1.17%
2017年5月30日,123.91,124.08,124.88,123.53,8.34M,-0.06%
2017年5月26日,123.99,123.93,124.65,123.1,7.56M,0.29%
2017年5月25日,123.63,123.74,124.45,122.31,12.49M,0.67%
2017年5月24日,122.81,123.07,123.68,121.95,8.38M,-0.10%
2017年5月23日,122.93,124.67,125.67,122.85,14.37M,-1.46%
2017年5月22日,124.75,124.98,125.59,123.56,13.49M,1.24%
2017年5月19日,123.22,123.96,126.4,123.07,21.10M,1.61%
2017年5月18日,121.27,116.31,122.63,114,37.12M,0.46%
2017年5月17日,120.72,123.25,123.89,120.5,19.83M,-2.66%
2017年5月16日,124.02,121.98,124.34,121.74,18.22M,2.16%
2017年5月15日,121.4,121.03,121.49,120.03,11.13M,0.88%
2017年5月12日,120.34,120.37,120.47,119.51,9.82M,0.15%
2017年5月11日,120.16,120.13,120.5,118.25,11.38M,0.15%
2017年5月10日,119.98,120.01,120.33,119.1,9.35M,-0.02%
2017年5月9日,120,118.62,120,118.07,15.22M,2.69%
2017年5月8日,116.86,116.9,117.51,116.2,6.46M,0.71%
2017年5月5日,116.04,116.05,116.15,114.8,7.10M,0.16%
2017年5月4日,115.86,115.94,116.41,115.15,6.98M,-0.61%
2017年5月3日,116.57,117.95,118,115.12,10.59M,-1.29%
2017年5月2日,118.09,117.07,118.69,117,10.05M,1.21%
2017年5月1日,116.68,115.63,117.24,115.5,7.33M,1.02%
2017年4月28日,115.5,115.9,115.99,115,6.98M,0.06%
2017年4月27日,115.43,115,115.96,114.83,9.44M,0.40%
2017年4月26日,114.97,115.37,115.75,114.62,6.68M,-0.44%
2017年4月25日,115.48,115.54,115.82,114.8,11.43M,0.54%
2017年4月24日,114.86,114.04,115.16,114.02,13.39M,1.55%
2017年4月21日,113.11,112.8,113.17,112.3,8.97M,0.13%
2017年4月20日,112.96,111.53,113.6,111.48,13.77M,1.99%
2017年4月19日,110.76,111.99,112.2,110.57,9.60M,-0.42%
2017年4月18日,111.23,111.2,112.2,110.87,8.31M,-0.47%
2017年4月17日,111.76,110.91,111.87,110.3,7.13M,1.41%
2017年4月13日,110.21,110.72,111.45,109.82,6.86M,-0.38%
2017年4月12日,110.63,110.5,111.7,110.31,8.10M,0.17%
2017年4月11日,110.44,111.4,111.79,109.46,10.01M,-1.13%
2017年4月10日,111.7,109,111.88,108.84,14.80M,2.49%
2017年4月7日,108.99,107.88,109.07,106.76,8.35M,0.88%
2017年4月6日,108.04,107.59,108.42,107.15,5.21M,0.56%
2017年4月5日,107.44,108.36,108.82,107.32,8.21M,-0.07%
2017年4月4日,107.52,107.87,108.26,106.88,6.48M,-0.53%
2017年4月3日,108.09,108.85,109.47,107.52,8.39M,0.24%
2017年3月31日,107.83,108.5,109.12,107.78,9.00M,-0.94%
2017年3月30日,108.85,109.73,110.45,108.66,10.59M,-0.60%
2017年3月29日,109.51,107.97,109.74,107.69,8.79M,1.59%
2017年3月28日,107.8,108.23,108.95,107.46,6.47M,-0.26%
2017年3月27日,108.08,106.65,108.19,106.51,7.71M,0.04%
2017年3月24日,108.04,108.4,109.13,107.23,7.58M,-0.19%
2017年3月23日,108.25,106.95,108.83,106.44,13.41M,2.04%
2017年3月22日,106.09,104.64,106.12,103.98,7.15M,0.95%
2017年3月21日,105.09,108.46,108.7,104.7,13.88M,-2.01%
2017年3月20日,107.25,106.23,108.2,105.94,12.45M,1.55%
2017年3月17日,105.61,105.17,106.5,104.86,8.78M,-0.02%
2017年3月16日,105.63,105.25,105.65,104.3,12.45M,1.87%
2017年3月15日,103.69,104.37,104.49,102.6,11.70M,-0.54%
2017年3月14日,104.25,104.61,106,103.82,7.75M,-0.88%
2017年3月13日,105.18,103.52,106.25,103.47,16.12M,1.73%
2017年3月10日,103.39,103.43,103.7,102.63,4.12M,0.15%
2017年3月9日,103.24,102.97,103.75,102.76,4.52M,0.02%
2017年3月8日,103.22,102.63,104.29,102.54,7.07M,0.57%
2017年3月7日,102.63,102.3,103.31,102.11,4.99M,0.31%
2017年3月6日,102.31,102.76,103.25,102.1,6.29M,-0.97%
2017年3月3日,103.31,102.99,103.42,102.44,6.32M,0.12%
2017年3月2日,103.19,103.8,104.58,102.77,7.98M,-0.82%
2017年3月1日,104.04,103.68,104.99,103.21,10.33M,1.11%
2017年2月28日,102.9,103.89,103.99,102.03,8.02M,-0.68%
2017年2月27日,103.6,102.5,103.83,102.22,6.87M,0.63%
2017年2月24日,102.95,101.39,103,101.3,7.36M,0.48%
2017年2月23日,102.46,104.72,104.86,101.82,10.10M,-1.67%
2017年2月22日,104.2,102.48,105.2,102.42,15.78M,2.04%
2017年2月21日,102.12,101.03,102.54,100.91,8.19M,1.59%
2017年2月17日,100.52,100.69,101.73,100.3,8.26M,-0.30%
2017年2月16日,100.82,101.86,102.1,100.5,7.46M,-0.72%
2017年2月15日,101.55,102.06,102.13,100.11,12.38M,-0.04%
2017年2月14日,101.59,103.14,103.6,100.9,10.24M,-1.46%
2017年2月13日,103.1,102.82,104.44,102.62,9.73M,0.72%
2017年2月10日,102.36,103.88,103.94,102.31,7.68M,-0.95%
2017年2月9日,103.34,103.33,104.18,102.56,8.44M,-0.22%
2017年2月8日,103.57,101.55,103.99,101.16,10.18M,2.72%
2017年2月7日,100.83,101.04,101.6,100.5,5.66M,-0.07%
2017年2月6日,100.9,100.17,101.71,100.02,6.87M,0.51%
2017年2月3日,100.39,101.5,101.56,100.3,6.20M,-0.45%
2017年2月2日,100.84,101.28,101.47,100.56,5.37M,-0.72%
2017年2月1日,101.57,102.07,102.38,100.87,5.74M,0.26%
2017年1月31日,101.31,100.24,102.09,100.06,7.53M,0.29%
2017年1月30日,101.02,101.2,101.46,100.09,8.62M,-1.03%
2017年1月27日,102.07,102.25,102.7,101.29,8.03M,-0.66%
2017年1月26日,102.75,103.92,104.57,102.17,12.50M,-1.26%
2017年1月25日,104.06,102.46,104.27,101.9,23.32M,2.59%
2017年1月24日,101.43,103.15,103.19,99.94,37.18M,3.07%
2017年1月23日,98.41,96.48,98.67,96.26,14.09M,2.45%
2017年1月20日,96.06,96.45,97.15,95.67,9.69M,-0.11%
2017年1月19日,96.17,96.42,96.7,95.58,7.09M,0.18%
2017年1月18日,96,96.27,96.27,95.26,6.61M,-0.12%
2017年1月17日,96.12,96.32,96.59,95,6.34M,-0.16%
2017年1月13日,96.27,95.95,97.38,95.76,10.70M,0.39%
2017年1月12日,95.9,96.85,96.85,94.8,8.42M,-1.07%
2017年1月11日,96.94,96.92,97.45,95.6,8.74M,0.20%
2017年1月10日,96.75,96.4,97.9,95.55,14.78M,2.14%
2017年1月9日,94.72,94.16,95.65,93.31,10.83M,0.88%
2017年1月6日,93.89,94.4,94.5,93,7.64M,-0.51%
2017年1月5日,94.37,91.91,94.81,91.64,16.82M,4.26%
2017年1月4日,90.51,88.98,90.89,88.58,11.49M,2.16%
2017年1月3日,88.6,89,89,88.08,8.79M,0.90%
2016年12月30日,87.81,87.57,88.1,87.2,7.21M,0.55%
2016年12月29日,87.33,87.82,88.2,87.16,5.47M,-0.05%
2016年12月28日,87.37,88.3,88.75,87.22,6.42M,-0.19%
2016年12月27日,87.54,86.72,87.94,86.71,5.23M,0.86%
2016年12月23日,86.79,86.62,87.68,86.62,6.36M,-0.01%
2016年12月22日,86.8,87.89,88.26,86.01,14.40M,-2.75%
2016年12月21日,89.25,89.96,90.43,89.25,9.04M,-0.66%
2016年12月20日,89.84,89.19,90.31,88.94,8.43M,1.02%
2016年12月19日,88.93,88.61,89.82,88.41,10.23M,0.29%
2016年12月16日,88.67,89,90.1,88.56,11.34M,-0.20%
2016年12月15日,88.85,90,90.6,88.74,19.22M,-2.57%
2016年12月14日,91.19,91.83,92.26,90.83,9.15M,-1.05%
2016年12月13日,92.16,92.8,93.73,91.87,10.49M,-0.34%
2016年12月12日,92.47,92.05,92.89,91.7,9.36M,-0.87%
2016年12月9日,93.28,92.51,93.64,92.28,9.18M,1.05%
2016年12月8日,92.31,91.8,93.08,91.03,10.92M,1.36%
2016年12月7日,91.07,90.52,91.65,89.5,13.24M,0.74%
2016年12月6日,90.4,91.56,91.93,89.96,7.79M,-0.65%
2016年12月5日,90.99,90.05,91.4,89.57,8.90M,0.56%
2016年12月2日,90.48,90.38,91.74,89.95,11.72M,0.69%
2016年12月1日,89.86,94,94.06,89.18,24.03M,-4.42%
2016年11月30日,94.02,95.28,95.48,93.3,11.45M,-1.02%
2016年11月29日,94.99,93.67,96.06,93.39,14.15M,1.31%
2016年11月28日,93.76,93.02,95.74,93,14.34M,0.81%
2016年11月25日,93.01,93.55,93.75,92.77,4.87M,-0.02%
2016年11月23日,93.03,92.53,93.4,91.45,11.74M,-0.19%
2016年11月22日,93.21,94.24,94.42,93.16,10.40M,-0.21%
2016年11月21日,93.41,94.05,94.66,93,8.96M,0.02%
2016年11月18日,93.39,94.85,95.3,92.67,10.03M,-0.72%
2016年11月17日,94.07,94.71,94.98,93.64,10.38M,1.30%
2016年11月16日,92.86,91.39,93.68,91.33,14.08M,2.04%
2016年11月15日,91,91,93.49,90.75,16.72M,1.37%
2016年11月14日,89.77,92.45,92.54,87.88,27.36M,-3.46%
2016年11月11日,92.99,93.86,94.09,91.1,23.73M,-1.43%
2016年11月10日,94.34,98.34,98.5,92.22,27.35M,-2.41%
2016年11月9日,96.67,97.38,98.58,95.8,20.95M,-3.18%
2016年11月8日,99.85,99.39,99.99,98.36,8.09M,0.50%
2016年11月7日,99.35,100.07,100.62,99.16,11.20M,1.82%
2016年11月4日,97.57,96.9,98.79,96.67,9.05M,-0.18%
2016年11月3日,97.75,98.04,99.3,96.46,17.41M,-0.77%
2016年11月2日,98.51,103.85,104.1,97.3,37.07M,-2.61%
2016年11月1日,101.15,100.43,101.24,99.21,21.29M,-0.53%
2016年10月31日,101.69,102.65,103.21,101.42,15.84M,-0.24%
2016年10月28日,101.93,102.35,103.05,101.55,8.48M,-0.44%
2016年10月27日,102.38,103.38,104.11,101.85,8.81M,-0.39%
2016年10月26日,102.78,103.68,104,102.7,7.58M,-1.38%
2016年10月25日,104.22,104.86,105.2,104.02,8.99M,-0.27%
2016年10月24日,104.5,104.98,105.3,103.55,10.90M,0.54%
2016年10月21日,103.94,103.7,103.94,102.75,8.07M,0.09%
2016年10月20日,103.85,104.2,104.74,103.57,7.11M,-0.08%
2016年10月19日,103.93,104.33,104.8,103.65,8.92M,0.57%
2016年10月18日,103.34,104.47,104.99,103.31,11.11M,0.49%
2016年10月17日,102.84,101.5,103.47,101.27,10.35M,0.97%
2016年10月14日,101.85,104.27,104.7,101.03,12.79M,-0.29%
2016年10月13日,102.15,102.06,102.55,99,22.39M,-1.42%
2016年10月12日,103.62,105.05,105.11,101.82,18.44M,-1.53%
2016年10月11日,105.23,107.89,107.97,104.75,14.92M,-2.93%
2016年10月10日,108.41,106.79,109,106.56,11.52M,2.27%
2016年10月7日,106,106.89,107.55,105.56,8.95M,-1.01%
2016年10月6日,107.08,107.3,107.51,106.19,9.89M,0.11%
2016年10月5日,106.96,105.87,107.45,105.66,13.18M,1.43%
2016年10月4日,105.45,105.93,106.23,105.05,11.07M,0.07%
2016年10月3日,105.38,105.45,106.29,104.98,10.85M,-0.39%
2016年9月30日,105.79,106.5,107.1,105.79,15.58M,0.23%
2016年9月29日,105.55,106.51,106.69,104.57,30.24M,-2.94%
2016年9月28日,108.75,108.44,109.87,107.16,16.37M,0.45%
2016年9月27日,108.26,106.52,108.49,106.37,17.56M,2.24%
2016年9月26日,105.89,106.52,107.06,105.3,16.81M,-1.69%
2016年9月23日,107.71,108.25,108.4,106.71,23.08M,-1.51%
2016年9月22日,109.36,107.57,109.76,107.48,35.63M,3.17%
2016年9月21日,106,102.46,106.19,102.21,23.00M,4.48%
2016年9月20日,101.45,102.94,103.73,100.93,12.86M,-1.53%
2016年9月19日,103.03,105.16,105.5,102.19,15.23M,-1.54%
2016年9月16日,104.64,104,105.39,103.86,20.36M,0.18%
2016年9月15日,104.45,102.62,104.48,102.53,20.84M,2.00%
2016年9月14日,102.4,100.08,102.59,100.02,19.60M,2.11%
2016年9月13日,100.28,100.38,101.49,98.84,20.00M,-0.52%
2016年9月12日,100.8,97.38,101.38,97,17.32M,1.18%
2016年9月9日,99.62,101.8,102.21,99.05,21.25M,-2.88%
2016年9月8日,102.57,101.93,103.78,101.63,15.48M,0.24%
2016年9月7日,102.32,103.84,104,102.26,15.76M,-1.41%
2016年9月6日,103.78,100.45,104.3,100.45,32.80M,4.56%
2016年9月2日,99.25,97.97,99.67,97.97,17.48M,1.88%
2016年9月1日,97.42,97.3,98,97.01,13.39M,0.24%
2016年8月31日,97.19,96.14,97.2,96.01,28.62M,1.24%
2016年8月30日,96,95.35,96.68,95.17,13.99M,1.18%
2016年8月29日,94.88,94.6,95.16,94.21,8.82M,-0.19%
2016年8月26日,95.06,94.15,95.45,94.08,14.13M,1.19%
2016年8月25日,93.94,93.75,94.69,93.12,13.04M,0.06%
2016年8月24日,93.88,95.68,96.3,93.56,12.73M,-1.99%
2016年8月23日,95.79,95.59,96.48,95.41,9.65M,0.15%
2016年8月22日,95.65,96.47,96.63,94.75,16.22M,-1.25%
2016年8月19日,96.86,96.91,97.24,96.34,14.27M,-0.14%
2016年8月18日,97,97.25,97.94,96.62,15.01M,0.00%
2016年8月17日,97,96.17,97.25,96.05,14.98M,0.35%
2016年8月16日,96.66,96.15,97.15,95.05,27.51M,-0.52%
2016年8月15日,97.17,98.28,98.86,96.82,33.81M,-1.10%
2016年8月12日,98.25,92.98,98.35,92.91,71.97M,7.06%
2016年8月11日,91.77,92.14,92.8,91.26,54.17M,5.08%
2016年8月10日,87.33,86.01,87.73,86.01,28.20M,2.45%
2016年8月9日,85.24,85.05,85.63,84.8,15.35M,0.28%
2016年8月8日,85,84.99,85.02,84.3,11.53M,0.48%
2016年8月5日,84.59,85.01,85.08,84.44,9.40M,-0.19%
2016年8月4日,84.75,83.75,84.98,83.69,10.73M,1.29%
2016年8月3日,83.67,83.3,83.84,83.17,5.37M,-0.16%
2016年8月2日,83.8,84.34,84.34,82.91,7.69M,-0.64%
2016年8月1日,84.34,82.79,84.8,82.59,13.40M,2.26%
2016年7月29日,82.48,83.37,83.42,81.94,8.71M,-0.77%
2016年7月28日,83.12,83.46,83.49,82.12,7.48M,0.02%
2016年7月27日,83.1,83.6,83.64,83,11.63M,-0.59%
2016年7月26日,83.59,82.86,83.63,82.63,7.71M,0.48%
2016年7月25日,83.19,84.47,84.79,82.61,13.19M,-1.54%
2016年7月22日,84.49,84,84.5,83.81,5.99M,0.37%
2016年7月21日,84.18,84.71,85,83.66,10.19M,-0.28%
2016年7月20日,84.42,83.27,84.7,83.23,13.99M,1.99%
2016年7月19日,82.77,82.48,83.69,82.05,9.80M,0.15%
2016年7月18日,82.65,80.6,82.79,80.6,12.11M,1.72%
2016年7月15日,81.25,81.78,82.49,80.97,8.92M,-0.60%
2016年7月14日,81.74,81.18,82.24,80.86,9.36M,1.45%
2016年7月13日,80.57,81.83,81.88,80.37,10.74M,-1.43%
2016年7月12日,81.74,81.79,82.88,81.51,15.29M,0.34%
2016年7月11日,81.46,79.33,81.9,79.24,17.42M,3.13%
2016年7月8日,78.99,78.44,79.35,77.8,14.03M,-0.45%
2016年7月7日,79.35,79,79.49,78.71,6.82M,0.90%
2016年7月6日,78.64,78.47,78.82,77.68,7.74M,-0.42%
2016年7月5日,78.97,79.04,79.55,78.37,6.85M,-0.85%
2016年7月1日,79.65,79.12,80.05,79.12,7.27M,0.15%
2016年6月30日,79.53,78.31,79.76,78.28,12.49M,1.91%
2016年6月29日,78.04,76.98,78.48,76.9,11.46M,2.31%
2016年6月28日,76.28,75.5,76.6,75.5,11.27M,2.76%
2016年6月27日,74.23,75.8,76.29,73.3,15.25M,-2.70%
2016年6月24日,76.29,76.83,77.5,75.43,18.22M,-3.60%
2016年6月23日,79.14,79.16,79.46,78.55,8.28M,0.52%
2016年6月22日,78.73,79.04,79.12,78.21,8.17M,0.14%
2016年6月21日,78.62,78.75,79.08,78.4,8.88M,0.60%
2016年6月20日,78.15,77.9,78.79,77.84,9.63M,1.49%
2016年6月17日,77,78.45,78.45,76.48,15.58M,-1.62%
2016年6月16日,78.27,77.84,78.4,76.2,13.57M,-0.15%
2016年6月15日,78.39,78.31,78.77,77.51,14.73M,0.80%
2016年6月14日,77.77,76.89,78.45,76.75,22.36M,3.07%
2016年6月13日,75.45,75.25,76.45,74.85,11.30M,-0.62%
2016年6月10日,75.92,76.43,77.05,75.76,10.42M,-2.11%
2016年6月9日,77.56,77.39,78.07,76.78,8.99M,-0.10%
2016年6月8日,77.64,78,78.53,77.38,11.61M,-0.26%
2016年6月7日,77.84,78.19,78.37,77.32,12.88M,-0.28%
2016年6月6日,78.06,77.11,78.33,76.7,19.17M,1.88%
2016年6月3日,76.62,77.24,77.8,75.71,23.69M,-0.88%
2016年6月2日,77.3,76.65,77.75,76.56,45.38M,0.80%
2016年6月1日,76.69,79.15,80.14,76.55,62.53M,-6.48%
2016年5月31日,82,81,82.03,80.2,78.86M,1.27%
2016年5月27日,80.97,78.49,81,78.39,24.55M,3.34%
2016年5月26日,78.35,76.99,78.86,76.8,26.97M,3.65%
2016年5月25日,75.59,78.53,79.2,74.12,49.69M,-6.82%
2016年5月24日,81.12,79.17,81.31,79.07,16.71M,2.68%
2016年5月23日,79,78.95,79.5,78.6,7.19M,0.27%
2016年5月20日,78.79,79.07,79.45,78.35,11.04M,0.60%
2016年5月19日,78.32,78.65,79.26,77.6,8.32M,-0.90%
2016年5月18日,79.03,78.71,80,78.47,9.09M,-0.40%
2016年5月17日,79.35,79.83,80.2,79.31,10.97M,0.08%
2016年5月16日,79.29,77.86,79.93,77.59,11.66M,2.76%
2016年5月13日,77.16,78.83,79.16,76.97,10.08M,-2.53%
2016年5月12日,79.16,80.01,80.45,78.32,8.79M,-0.80%
2016年5月11日,79.8,79.43,80.48,79.41,11.07M,0.10%
2016年5月10日,79.72,79.79,79.98,79.15,9.32M,0.39%
2016年5月9日,79.41,78.94,79.98,78.89,11.80M,0.27%
2016年5月6日,79.2,78.35,79.72,78.25,12.86M,0.47%
2016年5月5日,78.83,79.52,79.94,78.1,27.95M,3.97%
2016年5月4日,75.82,75.64,75.91,75.01,14.33M,-0.12%
2016年5月3日,75.91,75.96,76.27,75.42,8.02M,-0.91%
2016年5月2日,76.61,76.89,77,75.94,7.72M,-0.43%
2016年4月29日,76.94,76.81,77.28,75.66,10.12M,0.71%
2016年4月28日,76.4,77.65,77.9,76.09,9.96M,-1.61%
2016年4月27日,77.65,78.3,78.62,76.57,11.49M,-1.22%
2016年4月26日,78.61,78.85,79.56,77.8,9.63M,-0.29%
2016年4月25日,78.84,79.8,79.84,78.68,9.21M,-1.31%
2016年4月22日,79.89,80.12,85.89,79.16,8.65M,-1.10%
2016年4月21日,80.78,81.08,81.78,80.2,8.82M,-0.53%
2016年4月20日,81.21,79,81.73,78.99,14.91M,2.20%
2016年4月19日,79.46,79.2,80.48,78.47,14.74M,0.57%
2016年4月18日,79.01,78.52,79.12,77.71,7.77M,0.05%
2016年4月15日,78.97,79.45,79.75,78.46,11.71M,-0.80%
2016年4月14日,79.61,79.31,79.86,78.36,12.61M,-0.04%
2016年4月13日,79.64,78.74,79.72,78.5,14.15M,2.29%
2016年4月12日,77.86,78,78.24,76.87,7.12M,0.19%
2016年4月11日,77.71,78.07,78.59,77.43,7.90M,0.31%
2016年4月8日,77.47,78.27,78.76,76.62,8.40M,-0.18%
2016年4月7日,77.61,77.6,78.6,77.18,10.94M,-1.36%
2016年4月6日,78.68,77.3,79.15,77.19,9.07M,1.76%
2016年4月5日,77.32,78.2,78.3,76.91,9.60M,-2.23%
2016年4月4日,79.08,78.33,79.55,78.32,9.82M,0.44%
2016年4月1日,78.73,78.24,79.02,78.2,9.26M,-0.38%
2016年3月31日,79.03,78.5,79.84,78.41,11.32M,0.22%
2016年3月30日,78.86,79.01,79.55,78.54,10.70M,1.00%
2016年3月29日,78.08,75.6,78.24,75.57,12.54M,2.09%
2016年3月28日,76.48,76.45,76.89,74.9,6.08M,0.82%
2016年3月24日,75.86,75.15,76.15,73.53,8.83M,-0.91%
2016年3月23日,76.56,78.16,78.98,76.15,10.81M,-2.07%
2016年3月22日,78.18,77,78.55,76.91,9.15M,0.09%
2016年3月21日,78.11,77.09,79.68,76.94,15.49M,2.44%
2016年3月18日,76.25,74.97,76.3,74.71,13.35M,2.69%
2016年3月17日,74.25,73.76,74.37,73.51,9.42M,1.02%
2016年3月16日,73.5,72.01,73.66,71.86,7.70M,1.76%
2016年3月15日,72.23,72.62,72.84,71.75,8.37M,-1.53%
2016年3月14日,73.35,74.01,74.42,72.89,11.07M,-0.89%
2016年3月11日,74.01,72.58,74.01,72.22,11.22M,2.83%
2016年3月10日,71.97,72.5,73.05,70.61,11.25M,-0.64%
2016年3月9日,72.43,71.59,72.61,70.68,7.28M,1.91%
2016年3月8日,71.07,72.4,72.65,70.96,8.67M,-2.50%
2016年3月7日,72.89,72.2,73.98,72,11.24M,0.93%
2016年3月4日,72.22,70.96,72.96,70.72,10.76M,1.69%
2016年3月3日,71.02,71.31,72.59,70.46,11.60M,-0.32%
2016年3月2日,71.25,72.04,72.04,70.75,10.50M,0.55%
2016年3月1日,70.86,70.02,71.84,69.86,14.01M,2.98%
2016年2月29日,68.81,67.64,70.58,67.56,17.98M,2.84%
2016年2月26日,66.91,68.09,68.83,66.86,12.08M,0.38%
2016年2月25日,66.66,65.67,66.72,64.66,14.69M,-0.85%
2016年2月24日,67.23,66.17,67.69,65.21,10.78M,0.39%
2016年2月23日,66.97,68.5,68.66,66.47,12.93M,-2.72%
2016年2月22日,68.84,68.3,69.53,67.98,13.41M,2.32%
2016年2月19日,67.28,66.8,67.75,66.09,12.33M,1.14%
2016年2月18日,66.52,67,68.5,66.23,14.55M,0.21%
2016年2月17日,66.38,67.17,67.39,65.68,14.46M,0.14%
2016年2月16日,66.29,64.42,66.89,64.04,21.74M,8.87%
2016年2月12日,60.89,61.27,62.78,60.28,13.67M,0.53%
2016年2月11日,60.57,60.25,61.63,59.85,15.01M,-1.96%
2016年2月10日,61.78,61.9,63.09,60.87,9.00M,0.64%
2016年2月9日,61.39,60.11,62.22,59.25,12.74M,0.47%
2016年2月8日,61.1,60.9,62.05,60.45,16.16M,-2.46%
2016年2月5日,62.64,64.71,64.86,62.18,12.84M,-3.42%
2016年2月4日,64.86,64.33,65.72,63.1,22.91M,2.24%
2016年2月3日,63.44,65.6,65.73,60.87,31.92M,-2.53%
2016年2月2日,65.09,67.05,67.74,64.66,19.15M,-2.89%
2016年2月1日,67.03,66.5,67.7,65.35,16.21M,0.00%
2016年1月29日,67.03,67.98,68.93,65.4,25.59M,0.16%
2016年1月28日,66.92,72.55,73.15,66.67,33.17M,-3.77%
2016年1月27日,69.54,69.96,71.42,68.75,18.26M,-0.33%
2016年1月26日,69.77,69.01,70.19,68.88,11.47M,0.07%
2016年1月25日,69.72,70.8,70.8,69.02,14.78M,-0.92%
2016年1月22日,70.37,72.51,73.34,69.89,15.83M,-0.49%
2016年1月21日,70.72,68.78,71.65,67.14,16.58M,2.93%
2016年1月20日,68.71,68.03,69.11,65.34,19.46M,-2.02%
2016年1月19日,70.13,71.94,72.31,69.81,17.42M,0.78%
2016年1月15日,69.59,68.7,71,67.54,20.72M,-3.68%
2016年1月14日,72.25,70.29,72.72,68.27,17.72M,2.79%
2016年1月13日,70.29,72.77,73.24,70.22,12.48M,-3.29%
2016年1月12日,72.68,71.45,72.77,71,13.46M,3.95%
2016年1月11日,69.92,71.29,71.73,69.02,16.96M,-1.24%
2016年1月8日,70.8,74.33,74.66,70.67,20.81M,-2.64%
2016年1月7日,72.72,73.29,75.5,71.54,27.29M,-5.96%
2016年1月6日,77.33,77.12,78.48,76.97,11.57M,-1.65%
2016年1月5日,78.63,77.92,78.68,77.26,14.26M,2.53%
2016年1月4日,76.69,78.18,78.31,75.18,23.07M,-5.64%
2015年12月31日,81.27,81.48,82.17,81.25,6.74M,-0.50%
2015年12月30日,81.68,82.95,83.11,81.5,6.98M,-1.90%
2015年12月29日,83.26,82.5,83.51,82.41,6.94M,1.36%
2015年12月28日,82.14,82.56,82.75,81.52,9.32M,-1.88%
2015年12月24日,83.71,84.56,84.8,83.41,3.78M,-1.29%
2015年12月23日,84.8,85.05,85.09,83.72,11.24M,-0.05%
2015年12月22日,84.84,82.89,85.1,82.89,12.78M,2.38%
2015年12月21日,82.87,83.15,83.73,82.43,8.09M,0.27%
2015年12月18日,82.65,83.2,83.75,82.03,12.17M,-1.09%
2015年12月17日,83.56,85,85.32,82.85,13.00M,-1.26%
2015年12月16日,84.63,83.3,85.05,83,16.58M,2.59%
2015年12月15日,82.49,81.06,83.39,80.9,13.05M,2.38%
2015年12月14日,80.57,80.15,80.76,78.99,12.08M,1.04%
2015年12月11日,79.74,82.85,83.05,79.42,20.79M,-5.44%
2015年12月10日,84.33,83.34,84.34,82.85,10.47M,1.09%
2015年12月9日,83.42,84.37,85.2,82.97,21.92M,-1.14%
2015年12月8日,84.38,82.77,84.67,82.61,14.67M,-0.45%
2015年12月7日,84.76,84.8,85.13,84.2,11.88M,-0.11%
2015年12月4日,84.85,82.58,85,82.42,15.55M,2.74%
2015年12月3日,82.59,85.05,85.1,82.1,23.03M,-2.84%
2015年12月2日,85,84.27,85.82,84.25,36.61M,1.19%
2015年12月1日,84,83.77,84.39,83.5,26.24M,-0.10%
2015年11月30日,84.08,81.5,84.47,81.38,97.91M,3.32%
2015年11月27日,81.38,80.57,81.41,79.28,12.60M,-0.40%
2015年11月25日,81.71,80.91,82.67,80.82,16.33M,1.05%
2015年11月24日,80.86,80.85,81.11,79.27,15.28M,-0.55%
2015年11月23日,81.31,80.45,82.19,79.97,18.77M,1.70%
2015年11月20日,79.95,78.44,80.78,78.4,21.03M,2.67%
2015年11月19日,77.87,78.06,79.15,77.4,15.69M,0.23%
2015年11月18日,77.69,78.25,78.31,76.15,16.74M,-0.56%
2015年11月17日,78.13,78.9,79.14,77.47,12.47M,-0.22%
2015年11月16日,78.3,75.83,78.75,75.77,17.05M,3.23%
2015年11月13日,75.85,77.15,78,75.64,24.24M,-3.69%
2015年11月12日,78.76,78.99,80.5,78.45,18.84M,-1.37%
2015年11月11日,79.85,82.28,82.49,78.12,29.64M,-1.94%
2015年11月10日,81.43,81.1,82.43,79.62,22.00M,0.06%
2015年11月9日,81.38,83.44,83.47,80.22,19.09M,-2.67%
2015年11月6日,83.61,85.53,86.35,80.77,38.53M,-2.07%
2015年11月5日,85.38,85.22,86.42,84.2,20.66M,-0.02%
2015年11月4日,85.4,84.45,85.6,84.03,23.73M,2.35%
2015年11月3日,83.44,84,84.59,83.13,11.64M,-1.08%
2015年11月2日,84.35,83.52,84.83,82.75,13.83M,0.62%
2015年10月30日,83.83,82.7,84.44,82.6,20.74M,1.96%
2015年10月29日,82.22,81.97,82.53,80.82,16.43M,-0.16%
2015年10月28日,82.35,79.48,82.55,79.2,25.03M,3.66%
2015年10月27日,79.44,82.11,82.79,78.25,50.82M,4.05%
2015年10月26日,76.35,75.44,77.42,75.13,24.82M,0.97%
2015年10月23日,75.62,73.98,75.76,72.84,22.51M,6.52%
2015年10月22日,70.99,70.16,71.63,70.07,10.81M,2.17%
2015年10月21日,69.48,71.66,71.79,68.89,16.86M,-3.22%
2015年10月20日,71.79,72.99,73,71.55,11.09M,-1.18%
2015年10月19日,72.65,71.8,73,71.52,10.89M,0.92%
2015年10月16日,71.99,72.5,73.64,71.21,15.95M,0.29%
2015年10月15日,71.78,69.34,72.44,69.26,18.20M,4.73%
2015年10月14日,68.54,69.5,69.7,67.42,12.29M,-1.64%
2015年10月13日,69.68,69.49,70.32,68.38,13.05M,-0.88%
2015年10月12日,70.3,69.64,70.47,69,15.55M,2.31%
2015年10月9日,68.71,68.2,69.45,67.31,14.76M,1.49%
2015年10月8日,67.7,66.04,68.41,65.96,18.67M,2.14%
2015年10月7日,66.28,64.84,66.66,64.38,15.80M,3.69%
2015年10月6日,63.92,63.72,64.73,63.28,9.62M,-0.02%
2015年10月5日,63.93,63.47,64.78,62.2,13.58M,1.16%
2015年10月2日,63.2,58.36,63.24,58.2,22.36M,7.36%
2015年10月1日,58.87,59.5,59.83,58.23,8.15M,-0.17%
2015年9月30日,58.97,58.87,60.08,58.35,16.77M,1.99%
2015年9月29日,57.82,57.3,58.65,57.2,16.77M,0.75%
2015年9月28日,57.39,58.81,60.12,57.31,20.66M,-3.12%
2015年9月25日,59.24,60.63,60.84,58.92,17.01M,-1.13%
2015年9月24日,59.92,59.42,60.34,58.21,20.65M,-0.13%
2015年9月23日,60,61.96,62.3,59.68,22.68M,-3.07%
2015年9月22日,61.9,62.94,63.27,61.58,14.90M,-3.13%
2015年9月21日,63.9,65.38,66.4,62.96,22.36M,-2.81%
2015年9月18日,65.75,65.4,65.75,64.01,20.13M,-0.38%
2015年9月17日,66,66.41,66.65,65.6,16.59M,-1.83%
2015年9月16日,67.23,65.61,68.08,65.26,25.80M,3.67%
2015年9月15日,64.85,61.45,65.36,61.11,29.04M,3.59%
2015年9月14日,62.6,62.55,63.26,61.48,26.76M,-3.14%
2015年9月11日,64.63,63.37,64.79,62.7,17.75M,1.25%
2015年9月10日,63.83,63.52,64.25,63.34,13.28M,-0.33%
2015年9月9日,64.04,62.73,64.67,62.53,33.15M,5.14%
2015年9月8日,60.91,65.78,66.81,60.25,50.33M,-4.69%
2015年9月4日,63.91,65.41,65.57,63.34,18.19M,-3.85%
2015年9月3日,66.47,65.82,66.89,65.41,15.80M,1.42%
2015年9月2日,65.54,65.69,66,64.97,13.38M,1.10%
2015年9月1日,64.83,64.38,66.84,64.05,23.46M,-1.95%
2015年8月31日,66.12,69.18,69.3,66.02,18.48M,-5.64%
2015年8月28日,70.07,69.68,70.5,69.05,10.60M,-1.09%
2015年8月27日,70.84,70.84,71.59,70.02,18.12M,3.18%
2015年8月26日,68.66,68.95,69.45,65.75,26.39M,0.13%
2015年8月25日,68.57,68.84,70.33,67.49,29.95M,4.21%
2015年8月24日,65.8,58.16,67.48,58,31.38M,-3.49%
2015年8月21日,68.18,69.32,70.66,68.18,29.13M,-3.04%
2015年8月20日,70.32,71.98,72.78,70.03,21.00M,-3.83%
2015年8月19日,73.12,73.15,73.56,72.81,18.18M,-1.03%
2015年8月18日,73.88,74.05,75.13,73.73,11.16M,-1.74%
2015年8月17日,75.19,74.85,75.24,74.16,12.68M,0.58%
2015年8月14日,74.76,74.53,75.49,74.46,12.37M,-0.47%
2015年8月13日,75.11,74,76.73,73.66,23.23M,2.36%
2015年8月12日,73.38,72.32,73.85,71.03,41.19M,-5.12%
2015年8月11日,77.34,79.48,80,76.15,22.98M,-3.89%
2015年8月10日,80.47,79.86,80.99,79.5,11.28M,2.09%
2015年8月7日,78.82,79.65,80.2,78.66,8.74M,-0.18%
2015年8月6日,78.96,79.85,80.75,78.64,9.30M,-1.08%
2015年8月5日,79.82,79.59,80.42,79.48,7.50M,1.20%
2015年8月4日,78.87,78.07,79.35,77.8,8.50M,1.13%
2015年8月3日,77.99,78.2,78.5,77.11,9.28M,-0.45%
2015年7月31日,78.34,79.85,79.91,78.2,12.69M,-2.03%
2015年7月30日,79.96,80.11,80.64,79.45,6.93M,-0.37%
2015年7月29日,80.26,80.98,81.37,80.01,7.18M,-0.37%
2015年7月28日,80.56,80.67,80.8,79.25,12.12M,-1.03%
2015年7月27日,81.4,80.85,81.7,79.68,12.19M,-1.95%
2015年7月24日,83.02,85.17,85.38,82.65,8.76M,-1.03%
2015年7月23日,83.88,84.66,84.97,83.25,7.45M,-0.32%
2015年7月22日,84.15,82.16,84.75,82,11.21M,1.95%
2015年7月21日,82.54,83.11,83.25,82.22,5.75M,-0.16%
2015年7月20日,82.67,83.56,83.68,82.05,8.13M,-0.83%
2015年7月17日,83.36,81.99,83.7,81.58,14.51M,2.24%
2015年7月16日,81.53,81.39,82,80.9,8.60M,0.99%
2015年7月15日,80.73,80.9,81.5,80.21,9.51M,-0.94%
2015年7月14日,81.5,81.58,82.02,81.13,7.52M,-0.44%
2015年7月13日,81.86,80.92,82.2,80.7,10.35M,1.94%
2015年7月10日,80.3,81.13,81.2,79.84,11.22M,1.59%
2015年7月9日,79.04,80.93,81.19,79.04,19.78M,1.41%
2015年7月8日,77.94,76.58,78.79,76.22,22.71M,-2.11%
2015年7月7日,79.62,79.45,79.79,76.21,34.22M,-0.76%
2015年7月6日,80.23,80.56,81.5,80.12,11.86M,-2.24%
2015年7月2日,82.07,82.12,82.32,81.78,6.76M,-0.47%
2015年7月1日,82.46,82.6,83,81.99,5.95M,0.23%
2015年6月30日,82.27,82.58,83.69,81.96,12.62M,1.48%
2015年6月29日,81.07,81.64,82.88,80.8,15.20M,-2.65%
2015年6月26日,83.28,84.63,84.65,82.82,12.67M,-2.30%
2015年6月25日,85.24,85.47,85.6,84.9,8.95M,0.08%
2015年6月24日,85.17,85.16,85.81,84.85,9.43M,0.11%
2015年6月23日,85.08,85.98,86.34,84.83,11.41M,-0.70%
2015年6月22日,85.68,86.07,86.4,85.58,7.15M,-0.07%
2015年6月19日,85.74,86.51,86.6,85.17,10.32M,-1.16%
2015年6月18日,86.75,86.97,87.59,86.32,11.74M,-0.06%
2015年6月17日,86.8,86.58,87.8,86.48,10.24M,0.82%
2015年6月16日,86.09,86,86.7,85.61,10.97M,-0.03%
2015年6月15日,86.12,86.3,87.17,86.05,10.23M,-0.59%
2015年6月12日,86.63,87.42,87.79,86.48,9.98M,-0.67%
2015年6月11日,87.21,89.03,89.48,87.1,13.72M,-1.90%
2015年6月10日,88.9,87.7,88.99,87.2,12.55M,1.51%
2015年6月9日,87.58,88.04,88.18,86.12,16.08M,-0.80%
2015年6月8日,88.29,90.65,91.6,88.24,15.70M,-2.67%
2015年6月5日,90.71,90.46,91.6,90.46,11.35M,0.13%
2015年6月4日,90.59,90.71,91.41,90.27,8.69M,-0.22%
2015年6月3日,90.79,90.73,91.04,89.9,9.43M,0.31%
2015年6月2日,90.51,90.55,91.54,90.19,9.87M,-0.30%
2015年6月1日,90.78,90.09,90.99,89.49,9.91M,1.63%
2015年5月29日,89.32,91.35,91.5,89.32,13.89M,-1.79%
2015年5月28日,90.95,91.69,91.93,90.58,14.21M,-1.78%
2015年5月27日,92.6,92.22,92.99,91.6,9.52M,0.09%
2015年5月26日,92.52,93.65,93.92,91.55,15.67M,-0.80%
2015年5月22日,93.27,94.28,95.06,93.19,22.18M,-0.65%
2015年5月21日,93.88,91.35,94.77,90.92,40.73M,3.51%
2015年5月20日,90.7,88.14,90.8,87.3,29.81M,2.82%
2015年5月19日,88.21,86.99,88.8,86.47,20.73M,1.26%
2015年5月18日,87.11,87.61,87.93,86.61,13.49M,-1.53%
2015年5月15日,88.46,88.51,88.96,88.05,13.42M,0.07%
2015年5月14日,88.4,87.74,88.48,87.53,12.09M,0.99%
2015年5月13日,87.53,87.08,88.47,87,19.02M,0.88%
2015年5月12日,86.77,87.05,87.5,86.14,16.08M,0.06%
2015年5月11日,86.72,86.7,87.67,86.06,19.78M,-0.39%
2015年5月8日,87.06,87.82,88.27,86.89,30.14M,1.23%
2015年5月7日,86,88.83,89.29,84.91,69.45M,7.50%
2015年5月6日,80,79.65,80.85,79.51,24.95M,0.58%
2015年5月5日,79.54,80.44,80.9,77.77,32.66M,-1.30%
2015年5月4日,80.59,81.17,81.56,80.12,21.55M,-0.71%
2015年5月1日,81.17,81.03,82.25,80.11,17.91M,-0.15%
2015年4月30日,81.29,82.22,82.65,80.44,14.21M,-1.41%
2015年4月29日,82.45,84.06,84.4,81.64,21.10M,-3.09%
2015年4月28日,85.08,85.54,85.57,83.82,11.11M,0.21%
2015年4月27日,84.9,85.53,86.27,84.65,17.43M,0.39%
2015年4月24日,84.57,82.88,84.99,82.8,21.06M,2.78%
2015年4月23日,82.28,81.88,82.75,81.62,11.48M,0.28%
2015年4月22日,82.05,82.78,82.84,81.52,13.32M,-0.45%
2015年4月21日,82.42,82.86,82.92,82.14,10.06M,0.27%
2015年4月20日,82.2,82.25,82.69,81.52,13.47M,0.37%
2015年4月17日,81.9,83.08,83.25,81.61,22.79M,-2.57%
2015年4月16日,84.06,85.15,85.4,83.89,12.05M,-0.72%
2015年4月15日,84.67,85.08,85.36,84.16,12.23M,-0.39%
2015年4月14日,85,84.63,85.13,83.53,11.82M,0.85%
2015年4月13日,84.28,85.16,85.71,83.82,15.80M,-0.35%
2015年4月10日,84.58,86.68,86.69,84.15,18.30M,-1.81%
2015年4月9日,86.14,87.03,87.69,85.2,27.80M,0.88%
2015年4月8日,85.39,83.3,85.54,83.07,26.16M,3.87%
2015年4月7日,82.21,81.94,82.95,81.88,9.44M,0.48%
2015年4月6日,81.82,82.05,82.59,81.61,12.81M,-0.56%
2015年4月2日,82.28,82.88,83,81.25,19.87M,-0.10%
2015年4月1日,82.36,83.37,83.72,82.18,14.90M,-1.06%
2015年3月31日,83.24,83.64,84.45,83.2,11.81M,-0.79%
2015年3月30日,83.9,85.03,85.15,83.75,10.02M,-0.80%
2015年3月27日,84.58,84.78,85.15,83.34,9.70M,0.49%
2015年3月26日,84.17,83.2,85,82.96,12.21M,0.50%
2015年3月25日,83.75,83.94,84.48,82.67,13.51M,0.14%
2015年3月24日,83.63,84.35,84.5,82.39,14.55M,-0.74%
2015年3月23日,84.25,85.25,85.53,84.21,11.18M,-1.12%
2015年3月20日,85.2,86.33,86.8,85.09,21.18M,-0.63%
2015年3月19日,85.74,85.11,87.04,85,30.45M,1.36%
2015年3月18日,84.59,83.87,85.95,83.3,35.66M,0.11%
2015年3月17日,84.5,84.01,85.1,83.51,17.64M,0.60%
2015年3月16日,84,82.01,85.2,81.94,16.91M,2.61%
2015年3月13日,81.86,81.8,81.92,80.77,12.66M,-0.07%
2015年3月12日,81.92,82.1,82.9,81.53,11.23M,-0.09%
2015年3月11日,81.99,83,83.38,81.19,12.77M,-1.18%
2015年3月10日,82.97,81.09,83.15,80.65,13.82M,0.53%
2015年3月9日,82.53,84.35,84.35,81.48,17.62M,-2.22%
2015年3月6日,84.4,85.74,86,84.05,10.67M,-1.97%
2015年3月5日,86.1,85.75,86.27,84.01,18.51M,0.71%
2015年3月4日,85.49,80.27,85.83,80.17,36.61M,4.79%
2015年3月3日,81.58,82.95,83.25,80.03,39.25M,-2.88%
2015年3月2日,84,85,85.02,83.75,11.21M,-1.32%
2015年2月27日,85.12,85.95,86.56,85,8.38M,-0.29%
2015年2月26日,85.37,86.92,87.16,85.2,8.76M,-0.95%
2015年2月25日,86.19,84.38,86.83,84.36,13.65M,1.77%
2015年2月24日,84.69,85.53,85.53,83.88,15.85M,-0.91%
2015年2月23日,85.47,86.51,86.68,85.25,9.37M,-1.35%
2015年2月20日,86.64,87.25,87.29,86.38,7.82M,-0.29%
2015年2月19日,86.89,86.81,87.87,86.71,7.60M,0.17%
2015年2月18日,86.74,87.1,87.43,86.5,7.42M,-0.13%
2015年2月17日,86.85,88.78,88.99,86.7,15.19M,-2.47%
2015年2月13日,89.05,88.2,89.3,87.65,14.67M,2.24%
2015年2月12日,87.1,85.6,88.3,85.55,15.18M,1.28%
2015年2月11日,86,87.58,87.7,85.82,12.39M,-1.44%
2015年2月10日,87.26,87.01,87.47,86.52,12.04M,1.47%
2015年2月9日,86,85.83,86.75,85.47,12.11M,0.37%
2015年2月6日,85.68,87.11,87.4,85.42,17.63M,-1.52%
2015年2月5日,87,89.58,89.84,86.1,28.93M,-3.33%
2015年2月4日,90,90.99,91.88,89.48,14.64M,-0.67%
2015年2月3日,90.61,91.65,91.65,89.9,13.51M,0.53%
2015年2月2日,90.13,91.13,91.66,88.61,18.87M,1.18%
2015年1月30日,89.08,89.6,92,88.11,36.81M,-0.81%
2015年1月29日,89.81,90.53,90.74,87.36,76.56M,-8.78%
2015年1月28日,98.45,100.3,101.49,97.79,42.14M,-4.36%
2015年1月27日,102.94,102.89,103.57,100.58,15.66M,-1.01%
2015年1月26日,103.99,104.4,105.13,103.33,10.66M,0.85%
2015年1月23日,103.11,104.02,105.2,103.02,9.87M,-0.86%
2015年1月22日,104,104.6,104.92,103.1,11.43M,0.69%
2015年1月21日,103.29,100.75,103.86,100.32,15.19M,3.25%
2015年1月20日,100.04,98.3,100.21,97.59,12.11M,3.25%
2015年1月16日,96.89,96.09,97.8,95.52,13.33M,0.60%
2015年1月15日,96.31,99.67,100.14,96.02,18.26M,-3.28%
2015年1月14日,99.58,99.28,100.18,98.06,17.81M,-1.18%
2015年1月13日,100.77,102.59,102.85,100.01,11.29M,-0.84%
2015年1月12日,101.62,103.2,103.36,101.21,8.00M,-1.36%
2015年1月9日,103.02,105.24,105.3,102.89,10.22M,-1.91%
2015年1月8日,105.03,102.95,105.34,102.68,12.94M,2.84%
2015年1月7日,102.13,104.59,104.74,102.03,11.05M,-1.15%
2015年1月6日,103.32,101.25,103.85,100.11,15.72M,2.30%
2015年1月5日,101,102.76,103.02,99.9,18.34M,-2.51%
2015年1月2日,103.6,104.24,104.72,102.52,12.30M,-0.33%
2014年12月31日,103.94,106.46,106.47,103.69,10.28M,-1.71%
2014年12月30日,105.75,105.64,106.71,105.13,10.21M,-0.22%
2014年12月29日,105.98,105.95,107.66,105.64,8.07M,0.03%
2014年12月26日,105.95,105.99,106.94,105.5,6.53M,0.00%
2014年12月24日,105.95,105.68,107.21,105.6,5.87M,0.41%
2014年12月23日,105.52,108.3,108.47,103.88,19.10M,-2.99%
2014年12月22日,108.77,110.63,110.98,108.53,13.04M,-1.70%
2014年12月19日,110.65,109.93,110.65,108.04,14.86M,1.28%
2014年12月18日,109.25,110.58,111.2,108.26,22.79M,0.21%
2014年12月17日,109.02,107.11,109.19,106.28,17.31M,3.07%
2014年12月16日,105.77,103.75,107.68,103.7,21.70M,1.02%
2014年12月15日,104.7,106.39,107.77,103.7,16.52M,-0.39%
2014年12月12日,105.11,104.7,107.45,104.18,14.54M,0.13%
2014年12月11日,104.97,104.44,106.84,104.29,15.68M,1.05%
2014年12月10日,103.88,107.09,107.38,103.51,18.47M,-3.35%
2014年12月9日,107.48,102.27,107.95,101.2,24.87M,2.29%
2014年12月8日,105.07,105.97,107.4,104.21,19.22M,-2.62%
2014年12月5日,107.9,109.6,110.35,107.76,12.15M,-1.16%
2014年12月4日,109.17,110.1,110.5,108.91,10.86M,-1.33%
2014年12月3日,110.64,110.4,111.68,108.8,16.22M,0.68%
2014年12月2日,109.89,107.35,110,106.61,18.79M,3.68%
2014年12月1日,105.99,110.02,110.05,103.9,38.46M,-5.06%
2014年11月28日,111.64,113.14,113.23,111.11,8.08M,-0.91%
2014年11月26日,112.67,113.33,113.74,112.33,11.83M,-0.71%
2014年11月25日,113.47,114.94,115.17,112.33,23.48M,-0.40%
2014年11月24日,113.92,112,113.93,111.55,20.65M,2.88%
2014年11月21日,110.73,113.21,113.5,110.44,27.43M,0.83%
2014年11月20日,109.82,107.81,112.44,107.26,36.49M,0.92%
2014年11月19日,108.82,109.83,110.68,107.22,46.84M,-1.80%
2014年11月18日,110.81,114.33,114.38,110.41,41.10M,-3.01%
2014年11月17日,114.25,115.44,115.63,113.13,22.57M,-0.74%
2014年11月14日,115.1,115.06,115.39,113.35,29.85M,0.23%
2014年11月13日,114.84,119.3,120,114.55,62.16M,-2.84%
2014年11月12日,118.2,115.05,119.07,114.02,53.91M,3.20%
2014年11月11日,114.54,117.25,117.55,113.69,71.15M,-3.87%
2014年11月10日,119.15,117.27,119.45,115.2,75.97M,4.01%
2014年11月7日,114.56,112.93,114.77,111.75,51.46M,2.68%
2014年11月6日,111.57,109.3,111.7,107.21,33.61M,2.67%
2014年11月5日,108.67,108.48,110.14,106.48,48.34M,2.45%
2014年11月4日,106.07,100.42,106.36,99.51,67.81M,4.19%
2014年11月3日,101.8,99.67,102.8,99.05,41.30M,3.25%
2014年10月31日,98.6,100.1,100.22,98.14,18.13M,-0.13%
2014年10月30日,98.73,98.48,99.44,97.3,15.48M,0.43%
2014年10月29日,98.31,99.88,100,96.82,28.66M,-1.37%
2014年10月28日,99.68,99.84,100.67,98.61,32.13M,1.93%
2014年10月27日,97.79,97,98.85,96.3,28.30M,2.12%
2014年10月24日,95.76,95.07,98,94.78,32.13M,1.39%
2014年10月23日,94.45,92.92,94.7,92.82,20.64M,3.08%
2014年10月22日,91.63,92.25,93.5,91.01,20.36M,0.80%
2014年10月21日,90.9,89.1,92.5,88.5,23.24M,2.99%
2014年10月20日,88.26,88,89.5,87.86,9.89M,0.40%
2014年10月17日,87.91,90.4,90.9,87.67,17.36M,-1.06%
2014年10月16日,88.85,84.98,89.17,84.02,15.23M,3.80%
2014年10月15日,85.6,84.04,86.49,82.81,16.82M,0.77%
2014年10月14日,84.95,85.81,85.88,83.22,15.57M,-0.20%
2014年10月13日,85.12,86.85,86.89,84.92,14.85M,-0.88%
2014年10月10日,85.88,88.25,88.74,85.24,15.43M,-3.28%
2014年10月9日,88.79,88.51,90.35,88,21.51M,0.55%
2014年10月8日,88.3,88,88.5,87.06,10.26M,0.72%
2014年10月7日,87.67,87.95,89.7,87.06,12.79M,-0.72%
2014年10月6日,88.31,89.15,89.65,88.06,9.28M,0.24%
2014年10月3日,88.1,88.1,89.94,87.65,18.49M,1.19%
2014年10月2日,87.06,86.27,88.2,85.61,21.47M,1.11%
2014年10月1日,86.1,88.7,88.94,86.04,24.03M,-3.10%
2014年9月30日,88.85,89,90.88,88.46,24.42M,0.11%
2014年9月29日,88.75,89.62,89.7,88.02,25.30M,-1.89%
2014年9月26日,90.46,89.73,90.46,88.66,18.34M,1.73%
2014年9月25日,88.92,91.09,91.5,88.5,28.60M,-1.82%
2014年9月24日,90.57,88.47,90.57,87.22,32.09M,3.90%
2014年9月23日,87.17,88.94,90.48,86.62,39.01M,-3.03%
2014年9月22日,89.89,92.7,92.95,89.5,66.66M,-4.26%
